latitude,longitude,region,map_sheet_no,mangrove_area_ha,cell_area_ha,mangrove_cover_pct,mangrove_protection_factor
23.6875,68.5625,"Gujarat, Daman & Diu",41A10NW,13.4935,17650.6798,0.0764,0.0008
23.5625,68.4375,"Gujarat, Daman & Diu",41A06SE,930.9471,17667.152,5.2694,0.0527
23.5625,68.5625,"Gujarat, Daman & Diu",41A10SW,0.0,17667.152,0.0,0.0
23.4375,68.4375,"Gujarat, Daman & Diu",41A07NE,2648.011,17683.5409,14.9744,0.1497
23.4375,68.5625,"Gujarat, Daman & Diu",41A11NW,307.6827,17683.5409,1.7399,0.0174
23.3125,68.5625,"Gujarat, Daman & Diu",41A11SW,1588.6101,17699.8465,8.9753,0.0898
23.3125,68.6875,"Gujarat, Daman & Diu",41A11SE,364.065,17699.8465,2.0569,0.0206
23.1875,68.5625,"Gujarat, Daman & Diu",41A12NW,94.7531,17716.0687,0.5348,0.0053
23.1875,68.6875,"Gujarat, Daman & Diu",41A12NE,174.5117,17716.0687,0.985,0.0098
23.0625,68.6875,"Gujarat, Daman & Diu",41A12SE,0.0,17732.2074,0.0,0.0
23.0625,68.8125,"Gujarat, Daman & Diu",41A16SW,0.0,17732.2074,0.0,0.0
23.0625,68.9375,"Gujarat, Daman & Diu",41A16SE,0.0,17732.2074,0.0,0.0
23.0625,70.5625,"Gujarat, Daman & Diu",41I12SW,5934.1559,17732.2074,33.4654,0.3347
22.9375,68.9375,"Gujarat, Daman & Diu",41B13NE,0.0,17748.2626,0.0,0.0
22.9375,69.0625,"Gujarat, Daman & Diu",41F01NW,0.0,17748.2626,0.0,0.0
22.9375,69.1875,"Gujarat, Daman & Diu",41F01NE,0.0,17748.2626,0.0,0.0
22.9375,69.9375,"Gujarat, Daman & Diu",41F13NE,141.3415,17748.2626,0.7964,0.008
22.9375,70.4375,"Gujarat, Daman & Diu",41J05NE,4468.6246,17748.2626,25.1778,0.2518
22.9375,70.5625,"Gujarat, Daman & Diu",41J09NW,233.1325,17748.2626,1.3136,0.0131
22.8125,69.1875,"Gujarat, Daman & Diu",41F01SE,0.0,17764.2342,0.0,0.0
22.8125,69.3125,"Gujarat, Daman & Diu",41F05SW,2.3115,17764.2342,0.013,0.0001
22.8125,69.4375,"Gujarat, Daman & Diu",41F05SE,103.7719,17764.2342,0.5842,0.0058
22.8125,69.5625,"Gujarat, Daman & Diu",41F09SW,430.1643,17764.2342,2.4215,0.0242
22.8125,69.6875,"Gujarat, Daman & Diu",41F09SE,1436.1616,17764.2342,8.0846,0.0808
22.8125,69.8125,"Gujarat, Daman & Diu",41F13SW,164.45,17764.2342,0.9257,0.0093
22.8125,70.4375,"Gujarat, Daman & Diu",41J05SE,1161.6862,17764.2342,6.5395,0.0654
22.6875,70.1875,"Gujarat, Daman & Diu",41J02NE,835.5141,17780.1222,4.6991,0.047
22.6875,70.3125,"Gujarat, Daman & Diu",41J06NW,1277.3833,17780.1222,7.1843,0.0718
22.5625,69.9375,"Gujarat, Daman & Diu",41F14SE,4360.3242,17795.9265,24.5018,0.245
22.5625,70.0625,"Gujarat, Daman & Diu",41J02SW,2659.4542,17795.9265,14.9442,0.1494
22.5625,70.1875,"Gujarat, Daman & Diu",41J02SE,829.2787,17795.9265,4.6599,0.0466
22.4375,68.9375,"Gujarat, Daman & Diu",41B15NE,0.0,17811.6471,0.0,0.0
22.4375,69.0625,"Gujarat, Daman & Diu",41F03NW,201.4757,17811.6471,1.1311,0.0113
22.4375,69.1875,"Gujarat, Daman & Diu",41F03NE,34.6416,17811.6471,0.1945,0.0019
22.4375,69.6875,"Gujarat, Daman & Diu",41F11NE,1981.1193,17811.6471,11.1226,0.1112
22.4375,69.8125,"Gujarat, Daman & Diu",41F15NW,1044.6897,17811.6471,5.8652,0.0587
22.4375,69.9375,"Gujarat, Daman & Diu",41F15NE,1119.5188,17811.6471,6.2853,0.0629
22.3125,68.9375,"Gujarat, Daman & Diu",41B15SE,0.0,17827.2838,0.0,0.0
22.3125,69.1875,"Gujarat, Daman & Diu",41F03SE,552.3906,17827.2838,3.0986,0.031
22.3125,69.3125,"Gujarat, Daman & Diu",41F07SW,187.4027,17827.2838,1.0512,0.0105
22.3125,69.4375,"Gujarat, Daman & Diu",41F07SE,568.5046,17827.2838,3.189,0.0319
22.3125,72.5625,"Gujarat, Daman & Diu",46B11SW,0.0,17827.2838,0.0,0.0
22.3125,69.5625,"Gujarat, Daman & Diu",41F11SW,1940.5438,17827.2838,10.8852,0.1089
22.3125,72.4375,"Gujarat, Daman & Diu",46B07SE,2.8997,17827.2838,0.0163,0.0002
22.3125,69.6875,"Gujarat, Daman & Diu",41F11SE,220.252,17827.2838,1.2355,0.0124
22.3125,72.3125,"Gujarat, Daman & Diu",46B07SW,0.0,17827.2838,0.0,0.0
22.1875,68.9375,"Gujarat, Daman & Diu",41B16NE,0.0,17842.8367,0.0,0.0
22.1875,69.0625,"Gujarat, Daman & Diu",41F04NW,0.0,17842.8367,0.0,0.0
22.1875,72.6875,"Gujarat, Daman & Diu",46B12NE,0.0,17842.8367,0.0,0.0
22.1875,72.5625,"Gujarat, Daman & Diu",46B12NW,50.4364,17842.8367,0.2827,0.0028
22.1875,72.3125,"Gujarat, Daman & Diu",46B08NW,1378.4498,17842.8367,7.7255,0.0773
22.1875,72.1875,"Gujarat, Daman & Diu",46B04NE,0.0,17842.8367,0.0,0.0
22.0625,69.0625,"Gujarat, Daman & Diu",41F04SW,0.0,17858.3056,0.0,0.0
22.0625,69.1875,"Gujarat, Daman & Diu",41F04SE,0.0,17858.3056,0.0,0.0
22.0625,72.5625,"Gujarat, Daman & Diu",46B12SW,547.7291,17858.3056,3.0671,0.0307
22.0625,72.1875,"Gujarat, Daman & Diu",46B04SE,597.566,17858.3056,3.3462,0.0335
21.9375,69.1875,"Gujarat, Daman & Diu",41G01NE,0.0,17873.6905,0.0,0.0
21.9375,69.3125,"Gujarat, Daman & Diu",41G05NW,0.0,17873.6905,0.0,0.0
21.9375,72.1875,"Gujarat, Daman & Diu",46C01NE,887.4858,17873.6905,4.9653,0.0497
21.8125,69.3125,"Gujarat, Daman & Diu",41G05SW,0.0,17888.9914,0.0,0.0
21.8125,69.4375,"Gujarat, Daman & Diu",41G05SE,0.0,17888.9914,0.0,0.0
21.6875,69.4375,"Gujarat, Daman & Diu",41G06NE,0.0,17904.2081,0.0,0.0
21.6875,72.5625,"Gujarat, Daman & Diu",46C10NW,579.7879,17904.2081,3.2383,0.0324
21.6875,69.5625,"Gujarat, Daman & Diu",41G10NW,114.8863,17904.2081,0.6417,0.0064
21.6875,72.3125,"Gujarat, Daman & Diu",46C06NW,482.3436,17904.2081,2.694,0.0269
21.5625,72.6875,"Gujarat, Daman & Diu",46C10SE,589.2197,17919.3407,3.2882,0.0329
21.5625,69.5625,"Gujarat, Daman & Diu",41G10SW,0.0,17919.3407,0.0,0.0
21.5625,69.6875,"Gujarat, Daman & Diu",41G10SE,0.0,17919.3407,0.0,0.0
21.5625,72.3125,"Gujarat, Daman & Diu",46C06SW,33.7268,17919.3407,0.1882,0.0019
21.4375,72.6875,"Gujarat, Daman & Diu",46C11NE,1368.1347,17934.389,7.6286,0.0763
21.4375,69.6875,"Gujarat, Daman & Diu",41G11NE,0.0,17934.389,0.0,0.0
21.4375,72.3125,"Gujarat, Daman & Diu",46C07NW,0.0,17934.389,0.0,0.0
21.4375,69.8125,"Gujarat, Daman & Diu",41G15NW,0.0,17934.389,0.0,0.0
21.4375,72.1875,"Gujarat, Daman & Diu",46C03NE,0.0,17934.389,0.0,0.0
21.3125,72.6875,"Gujarat, Daman & Diu",46C11SE,236.8479,17949.3531,1.3195,0.0132
21.3125,72.5625,"Gujarat, Daman & Diu",46C11SW,543.5772,17949.3531,3.0284,0.0303
21.3125,69.8125,"Gujarat, Daman & Diu",41G15SW,0.0,17949.3531,0.0,0.0
21.3125,72.1875,"Gujarat, Daman & Diu",46C03SE,0.0,17949.3531,0.0,0.0
21.3125,69.9375,"Gujarat, Daman & Diu",41G15SE,0.0,17949.3531,0.0,0.0
21.3125,72.0625,"Gujarat, Daman & Diu",46C03SW,69.506,17949.3531,0.3872,0.0039
21.1875,72.6875,"Gujarat, Daman & Diu",46C12NE,748.5444,17964.2328,4.1669,0.0417
21.1875,69.9375,"Gujarat, Daman & Diu",41G16NE,0.0,17964.2328,0.0,0.0
21.1875,72.0625,"Gujarat, Daman & Diu",46C04NW,149.5002,17964.2328,0.8322,0.0083
21.1875,70.0625,"Gujarat, Daman & Diu",41K04NW,0.0,17964.2328,0.0,0.0
21.1875,71.9375,"Gujarat, Daman & Diu",41O16NE,0.0,17964.2328,0.0,0.0
21.0625,72.6875,"Gujarat, Daman & Diu",46C12SE,333.6288,17979.0281,1.8557,0.0186
21.0625,72.5625,"Gujarat, Daman & Diu",46C12SW,0.0,17979.0281,0.0,0.0
21.0625,70.0625,"Gujarat, Daman & Diu",41K04SW,0.0,17979.0281,0.0,0.0
21.0625,71.9375,"Gujarat, Daman & Diu",41O16SE,0.0,17979.0281,0.0,0.0
21.0625,70.1875,"Gujarat, Daman & Diu",41K04SE,0.0,17979.0281,0.0,0.0
21.0625,71.8125,"Gujarat, Daman & Diu",41O16SW,25.9851,17979.0281,0.1445,0.0014
21.0625,71.6875,"Gujarat, Daman & Diu",41O12SE,7.3214,17979.0281,0.0407,0.0004
20.9375,72.8125,"Gujarat, Daman & Diu",46D13NW,638.2015,17993.739,3.5468,0.0355
20.9375,72.6875,"Gujarat, Daman & Diu",46D09NE,0.0,17993.739,0.0,0.0
20.9375,70.1875,"Gujarat, Daman & Diu",41L01NE,0.0,17993.739,0.0,0.0
20.9375,70.3125,"Gujarat, Daman & Diu",41L05NW,0.0,17993.739,0.0,0.0
20.9375,71.6875,"Gujarat, Daman & Diu",41P09NE,27.0621,17993.739,0.1504,0.0015
20.9375,70.4375,"Gujarat, Daman & Diu",41L05NE,0.0,17993.739,0.0,0.0
20.9375,71.5625,"Gujarat, Daman & Diu",41P09NW,360.0232,17993.739,2.0008,0.02
20.9375,71.4375,"Gujarat, Daman & Diu",41P05NE,60.2704,17993.739,0.335,0.0034
20.8125,72.8125,"Gujarat, Daman & Diu",46D13SW,290.2989,18008.3653,1.612,0.0161
20.8125,70.4375,"Gujarat, Daman & Diu",41L05SE,0.0,18008.3653,0.0,0.0
20.8125,70.5625,"Gujarat, Daman & Diu",41L09SW,0.0,18008.3653,0.0,0.0
20.8125,71.4375,"Gujarat, Daman & Diu",41P05SE,29.7726,18008.3653,0.1653,0.0017
20.8125,70.6875,"Gujarat, Daman & Diu",41L09SE,0.0,18008.3653,0.0,0.0
20.8125,71.3125,"Gujarat, Daman & Diu",41P05SW,16.2463,18008.3653,0.0902,0.0009
20.8125,71.1875,"Gujarat, Daman & Diu",41P01SE,42.5144,18008.3653,0.2361,0.0024
20.8125,71.0625,"Gujarat, Daman & Diu",41P01SW,3.4313,18008.3653,0.0191,0.0002
20.6875,72.9375,"Gujarat, Daman & Diu",46D14NE,194.5997,18022.9071,1.0797,0.0108
20.6875,72.8125,"Gujarat, Daman & Diu",46D14NW,109.9629,18022.9071,0.6101,0.0061
20.6875,70.6875,"Gujarat, Daman & Diu",41L10NE,0.0,18022.9071,0.0,0.0
20.6875,70.8125,"Gujarat, Daman & Diu",41L14NW,315.6291,18022.9071,1.7513,0.0175
20.6875,70.9375,"Gujarat, Daman & Diu",41L14NE,512.1238,18022.9071,2.8415,0.0284
20.6875,71.0625,"Gujarat, Daman & Diu",41P02NW,9.7996,18022.9071,0.0544,0.0005
20.5625,72.9375,"Gujarat, Daman & Diu",46D14SE,65.0059,18037.3643,0.3604,0.0036
20.4375,72.9375,"Gujarat, Daman & Diu",46D15NE,12.0384,18051.7368,0.0667,0.0007
20.4375,72.8125,"Gujarat, Daman & Diu",46D15NW,169.041,18051.7368,0.9364,0.0094
20.3125,72.8125,"Gujarat, Daman & Diu",46D15SW,8.3958,18066.0245,0.0465,0.0005
20.3125,72.6875,"Gujarat, Daman & Diu",46D11SE,0.0,18066.0245,0.0,0.0
20.1875,72.8125,"Gujarat, Daman & Diu",46D16NW,90.0734,18080.2275,0.4982,0.005
20.1875,72.6875,"Gujarat, Daman & Diu",46D12NE,2.6047,18080.2275,0.0144,0.0001
14.9375,74.0625,Karnataka,48J01NW,104.5038,18599.528,0.5619,0.0056
14.8125,74.0625,Karnataka,48J01SW,27.7174,18610.0391,0.1489,0.0015
14.8125,74.1875,Karnataka,48J01SE,666.5915,18610.0391,3.5819,0.0358
14.6875,74.1875,Karnataka,48J02NE,9.1294,18620.4633,0.049,0.0005
14.6875,74.3125,Karnataka,48J06NW,43.9595,18620.4633,0.2361,0.0024
14.5625,74.3125,Karnataka,48J06SW,128.6939,18630.8007,0.6908,0.0069
14.4375,74.3125,Karnataka,48J07NW,0.0,18641.0512,0.0,0.0
14.4375,74.4375,Karnataka,48J07NE,155.7608,18641.0512,0.8356,0.0084
14.3125,74.4375,Karnataka,48J07SE,212.6193,18651.2147,1.14,0.0114
14.1875,74.4375,Karnataka,48J08NE,16.1307,18661.2913,0.0864,0.0009
14.0625,74.4375,Karnataka,48J08SE,0.0,18671.2809,0.0,0.0
14.0625,74.5625,Karnataka,48J12SW,5.9004,18671.2809,0.0316,0.0003
13.9375,74.5625,Karnataka,48K09NW,1.2154,18681.1834,0.0065,0.0001
13.8125,74.5625,Karnataka,48K09SW,49.5331,18690.9988,0.265,0.0027
13.8125,74.6875,Karnataka,48K09SE,20.2172,18690.9988,0.1082,0.0011
13.6875,74.6875,Karnataka,48K10NE,181.1258,18700.7272,0.9685,0.0097
13.5625,74.6875,Karnataka,48K10SE,116.2007,18710.3684,0.621,0.0062
13.4375,74.6875,Karnataka,48K11NE,83.3862,18719.9224,0.4454,0.0045
13.3125,74.6875,Karnataka,48K11SE,47.5241,18729.3891,0.2537,0.0025
13.1875,74.6875,Karnataka,48K12NE,0.0,18738.7686,0.0,0.0
13.1875,74.8125,Karnataka,48K16NW,2.4384,18738.7686,0.013,0.0001
13.0625,74.8125,Karnataka,48K16SW,67.4366,18748.0609,0.3597,0.0036
12.9375,74.8125,Karnataka,48L13NW,33.6477,18757.2657,0.1794,0.0018
12.8125,74.8125,Karnataka,48L13SW,46.5715,18766.3833,0.2482,0.0025
12.6875,74.9375,Kerala,48L14NE,2.9667,18775.4134,0.0158,0.0002
12.4375,74.9375,Kerala,48L15NE,31.0047,18793.2114,0.165,0.0016
12.1875,75.1875,Kerala,48P04NE,0.0,18810.6594,0.0,0.0
11.9375,75.3125,Kerala,49M05NW,209.7867,18827.7571,1.1142,0.0111
11.8125,75.3125,Kerala,49M05SW,0.0,18836.1746,0.0,0.0
11.6875,75.5625,Kerala,49M10NW,8.67,18844.5044,0.046,0.0005
11.4375,75.6875,Kerala,49M11NE,0.0,18860.901,0.0,0.0
11.3125,75.6875,Kerala,49M11SE,0.0,18868.9677,0.0,0.0
11.3125,75.8125,Kerala,49M15SW,0.0,18868.9677,0.0,0.0
11.1875,75.8125,Kerala,49M16NW,21.4052,18876.9466,0.1134,0.0011
10.9375,75.8125,Kerala,49N13NW,0.0,18892.641,0.0,0.0
10.8125,75.9375,Kerala,49N13SE,0.0,18900.3565,0.0,0.0
10.5625,76.0625,Kerala,58B02SW,15.1198,18915.5237,0.0799,0.0008
10.1875,76.1875,Kerala,58B04NE,50.1867,18937.6148,0.265,0.0027
9.9375,76.3125,Kerala,58C05NW,132.178,18951.9022,0.6974,0.007
9.8125,76.3125,Kerala,58C05SW,45.8158,18958.9138,0.2417,0.0024
9.3125,76.4375,Kerala,58C07SE,0.0,18986.079,0.0,0.0
9.1875,76.4375,Kerala,58C08NE,8.5837,18992.6499,0.0452,0.0005
8.9375,76.5625,Kerala,58D09NW,15.6333,19005.527,0.0823,0.0008
8.6875,76.8125,Kerala,58D14NW,0.0,19018.0509,0.0,0.0
8.4375,76.9375,Kerala,58D15NE,0.0,19030.2217,0.0,0.0
12.8125,74.8125,Kerala,48L13SW,46.5715,18766.3833,0.2482,0.0025
12.6875,74.8125,Kerala,48L14NW,0.0,18775.4134,0.0,0.0
12.5625,74.9375,Kerala,48L14SE,85.2009,18784.3561,0.4536,0.0045
12.4375,75.0625,Kerala,48P03NW,0.6987,18793.2114,0.0037,0.0
12.3125,75.0625,Kerala,48P03SW,4.1941,18801.9791,0.0223,0.0002
12.1875,75.0625,Kerala,48P04NW,0.0,18810.6594,0.0,0.0
12.0625,75.1875,Kerala,48P04SE,138.971,18819.252,0.7385,0.0074
12.0625,75.3125,Kerala,48P08SW,503.1469,18819.252,2.6736,0.0267
11.8125,75.4375,Kerala,49M05SE,87.9745,18836.1746,0.4671,0.0047
11.6875,75.4375,Kerala,49M06NE,0.0,18844.5044,0.0,0.0
11.5625,75.5625,Kerala,49M10SW,6.8339,18852.7466,0.0362,0.0004
11.4375,75.5625,Kerala,49M11NW,0.0,18860.901,0.0,0.0
11.0625,75.8125,Kerala,49M16SW,0.0,18884.8377,0.0,0.0
10.9375,75.9375,Kerala,49N13NE,0.0,18892.641,0.0,0.0
10.6875,75.9375,Kerala,49N14NE,0.0,18907.984,0.0,0.0
10.5625,75.9375,Kerala,49N14SE,0.0,18915.5237,0.0,0.0
10.4375,76.0625,Kerala,58B03NW,0.0,18922.9754,0.0,0.0
10.3125,76.1875,Kerala,58B03SE,25.5566,18930.3391,0.135,0.0014
10.3125,76.0625,Kerala,58B03SW,0.0,18930.3391,0.0,0.0
10.0625,76.1875,Kerala,58B04SE,15.4293,18944.8026,0.0814,0.0008
9.9375,76.1875,Kerala,58C01NE,8.4772,18951.9022,0.0447,0.0004
9.6875,76.3125,Kerala,58C06NW,0.0,18965.8373,0.0,0.0
9.5625,76.3125,Kerala,58C06SW,0.0,18972.6727,0.0,0.0
9.4375,76.3125,Kerala,58C07NW,0.0,18979.42,0.0,0.0
9.3125,76.3125,Kerala,58C07SW,0.0,18986.079,0.0,0.0
9.0625,76.5625,Kerala,58C12SW,0.0,18999.1325,0.0,0.0
9.0625,76.4375,Kerala,58C08SE,4.3926,18999.1325,0.0231,0.0002
8.8125,76.6875,Kerala,58D09SE,0.0,19011.8331,0.0,0.0
8.8125,76.5625,Kerala,58D09SW,0.0,19011.8331,0.0,0.0
8.6875,76.6875,Kerala,58D10NE,0.0,19018.0509,0.0,0.0
8.5625,76.9375,Kerala,58D14SE,0.0,19024.1805,0.0,0.0
8.5625,76.8125,Kerala,58D14SW,0.0,19024.1805,0.0,0.0
8.3125,76.9375,Kerala,58D15SE,0.0,19036.1745,0.0,0.0
8.3125,77.0625,Kerala,58H03SW,0.0,19036.1745,0.0,0.0
20.1875,72.6875,Maharashtra,46D12NE,2.6047,18080.2275,0.0144,0.0001
20.0625,72.6875,Maharashtra,46D12SE,0.0,18094.3456,0.0,0.0
19.9375,72.6875,Maharashtra,47A09NE,137.8872,18108.3789,0.7615,0.0076
19.8125,72.6875,Maharashtra,47A09SE,608.3376,18122.3272,3.3568,0.0336
19.6875,72.6875,Maharashtra,47A10NE,270.1085,18136.1905,1.4893,0.0149
19.5625,72.6875,Maharashtra,47A10SE,95.5661,18149.9687,0.5265,0.0053
19.5625,72.8125,Maharashtra,47A14SW,793.2387,18149.9687,4.3705,0.0437
19.4375,72.6875,Maharashtra,47A11NE,16.1226,18163.6618,0.0888,0.0009
19.4375,72.8125,Maharashtra,47A15NW,498.6502,18163.6618,2.7453,0.0275
19.3125,72.8125,Maharashtra,47A15SW,2185.7515,18177.2698,12.0246,0.1202
19.1875,72.8125,Maharashtra,47A16NW,1820.1253,18190.7926,10.0058,0.1001
19.0625,72.8125,Maharashtra,47A16SW,187.1458,18204.2302,1.028,0.0103
18.9375,72.8125,Maharashtra,47B13NW,19.2183,18217.5824,0.1055,0.0011
18.8125,72.8125,Maharashtra,47B13SW,13.0475,18230.8493,0.0716,0.0007
18.6875,72.8125,Maharashtra,47B14NW,11.1916,18244.0307,0.0613,0.0006
18.6875,72.9375,Maharashtra,47B14NE,345.9121,18244.0307,1.896,0.019
18.5625,72.9375,Maharashtra,47B14SE,903.5975,18257.1267,4.9493,0.0495
18.4375,72.9375,Maharashtra,47B15NE,360.3954,18270.1372,1.9726,0.0197
18.3125,72.9375,Maharashtra,47B15SE,136.2542,18283.0622,0.7452,0.0075
18.1875,72.9375,Maharashtra,47B16NE,94.3576,18295.9015,0.5157,0.0052
18.0625,72.9375,Maharashtra,47B16SE,22.3774,18308.6552,0.1222,0.0012
18.0625,73.0625,Maharashtra,47F04SW,499.9931,18308.6552,2.7309,0.0273
17.9375,73.0625,Maharashtra,47G01NW,447.8264,18321.3232,2.4443,0.0244
17.8125,73.0625,Maharashtra,47G01SW,110.593,18333.9055,0.6032,0.006
17.6875,73.1875,Maharashtra,47G02NE,8.4408,18346.402,0.046,0.0005
17.6875,73.0625,Maharashtra,47G02NW,0.0,18346.402,0.0,0.0
17.5625,73.1875,Maharashtra,47G02SE,127.359,18358.8126,0.6937,0.0069
17.4375,73.1875,Maharashtra,47G03NE,3.5858,18371.1373,0.0195,0.0002
17.3125,73.1875,Maharashtra,47G03SE,26.3773,18383.3762,0.1435,0.0014
17.1875,73.1875,Maharashtra,47G04NE,15.0888,18395.529,0.082,0.0008
17.1875,73.3125,Maharashtra,47G08NW,208.294,18395.529,1.1323,0.0113
17.0625,73.3125,Maharashtra,47G08SW,435.5101,18407.5958,2.3659,0.0237
16.9375,73.3125,Maharashtra,47H05NW,212.3755,18419.5766,1.153,0.0115
16.8125,73.3125,Maharashtra,47H05SW,185.6809,18431.4712,1.0074,0.0101
16.6875,73.3125,Maharashtra,47H06NW,64.0381,18443.2797,0.3472,0.0035
16.5625,73.3125,Maharashtra,47H06SW,254.4217,18455.0019,1.3786,0.0138
16.4375,73.3125,Maharashtra,47H07NW,91.5694,18466.638,0.4959,0.005
16.3125,73.4375,Maharashtra,47H07SE,169.3097,18478.1877,0.9163,0.0092
16.3125,73.3125,Maharashtra,47H07SW,0.0,18478.1877,0.0,0.0
16.1875,73.4375,Maharashtra,47H08NE,314.0611,18489.6511,1.6986,0.017
16.0625,73.4375,Maharashtra,47H08SE,101.4986,18501.0282,0.5486,0.0055
15.9375,73.4375,Maharashtra,48E05NE,16.0879,18512.3188,0.0869,0.0009
15.9375,73.5625,Maharashtra,48E09NW,74.4175,18512.3188,0.402,0.004
15.8125,73.6875,Maharashtra,48E09SE,89.1291,18523.523,0.4812,0.0048
15.8125,73.5625,Maharashtra,48E09SW,17.3567,18523.523,0.0937,0.0009
15.6875,73.6875,Maharashtra,48E10NE,212.464,18534.6407,1.1463,0.0115
15.6875,73.6875,Goa,48E10NE,212.464,18534.6407,1.1463,0.0115
15.5625,73.6875,Goa,48E10SE,5.656,18545.6718,0.0305,0.0003
15.5625,73.8125,Goa,48E14SW,820.4873,18545.6718,4.4241,0.0442
15.4375,73.8125,Goa,48E15NW,206.2158,18556.6164,1.1113,0.0111
15.3125,73.8125,Goa,48E15SW,0.0,18567.4743,0.0,0.0
15.3125,73.9375,Goa,48E15SE,100.9031,18567.4743,0.5434,0.0054
15.1875,73.9375,Goa,48E16NE,332.5746,18578.2456,1.7901,0.0179
15.0625,73.9375,Goa,48E16SE,0.0,18588.9302,0.0,0.0
15.0625,74.0625,Goa,48I04SW,10.8849,18588.9302,0.0586,0.0006
14.9375,74.0625,Goa,48J01NW,104.5038,18599.528,0.5619,0.0056
11.6875,72.6875,Lakshadweep,49A10NE,0.0,18844.5044,0.0,0.0
11.5625,72.1875,Lakshadweep,49A2SE,0.0,18852.7466,0.0,0.0
11.4375,72.9375,Lakshadweep,49A15NE,0.0,18860.901,0.0,0.0
11.4375,73.0625,Lakshadweep,49E3NW,0.0,18860.901,0.0,0.0
11.3125,72.8125,Lakshadweep,49A15SW,0.0,18868.9677,0.0,0.0
11.1875,72.6875,Lakshadweep,49A12NE,0.0,18876.9466,0.0,0.0
11.1875,72.8125,Lakshadweep,49A16NW,0.0,18876.9466,0.0,0.0
11.0625,72.6875,Lakshadweep,49A12SE,0.0,18884.8377,0.0,0.0
10.9375,72.1875,Lakshadweep,49B01NE,0.0,18892.641,0.0,0.0
10.9375,72.3125,Lakshadweep,49B5NW,0.0,18892.641,0.0,0.0
10.8125,72.1875,Lakshadweep,49B01SE,0.3513,18900.3565,0.0019,0.0
10.8125,73.6875,Lakshadweep,49F9SE,0.0,18900.3565,0.0,0.0
10.5625,72.5625,Lakshadweep,49B10SW,0.0,18915.5237,0.0,0.0
10.5625,72.6875,Lakshadweep,49B10SE,0.0,18915.5237,0.0,0.0
10.1875,72.3125,Lakshadweep,49B8NW,0.0,18937.6148,0.0,0.0
10.1875,73.6875,Lakshadweep,49F12NE,0.0,18937.6148,0.0,0.0
10.0625,72.3125,Lakshadweep,49B8SW,0.0,18944.8026,0.0,0.0
10.0625,73.6875,Lakshadweep,49F12SE,0.0,18944.8026,0.0,0.0
8.3125,73.0625,Lakshadweep,49H3SW,0.0,19036.1745,0.0,0.0
13.6875,92.9375,Andaman & Nicobar,86C14NE,190.414,18700.7272,1.0182,0.0102
13.6875,93.0625,Andaman & Nicobar,86G02NW,149.3612,18700.7272,0.7987,0.008
13.5625,92.8125,Andaman & Nicobar,86C14SW,0.087,18710.3684,0.0005,0.0
13.5625,92.9375,Andaman & Nicobar,86C14SE,166.6873,18710.3684,0.8909,0.0089
13.5625,93.0625,Andaman & Nicobar,86G02SW,35.4221,18710.3684,0.1893,0.0019
13.4375,94.3125,Andaman & Nicobar,86K07NW,0.0,18719.9224,0.0,0.0
13.4375,92.8125,Andaman & Nicobar,86C15NW,115.6293,18719.9224,0.6177,0.0062
13.4375,94.1875,Andaman & Nicobar,86K03NE,0.0,18719.9224,0.0,0.0
13.4375,92.9375,Andaman & Nicobar,86C15NE,362.4059,18719.9224,1.9359,0.0194
13.4375,93.0625,Andaman & Nicobar,86G03NW,853.806,18719.9224,4.5609,0.0456
13.3125,92.8125,Andaman & Nicobar,86C15SW,54.8356,18729.3891,0.2928,0.0029
13.3125,92.9375,Andaman & Nicobar,86C15SE,1302.921,18729.3891,6.9566,0.0696
13.3125,93.0625,Andaman & Nicobar,86G03SW,1170.4779,18729.3891,6.2494,0.0625
13.1875,92.8125,Andaman & Nicobar,86C16NW,624.3825,18738.7686,3.332,0.0333
13.1875,93.0625,Andaman & Nicobar,86G04NW,19.5286,18738.7686,0.1042,0.001
13.0625,92.6875,Andaman & Nicobar,86C12SE,51.6665,18748.0609,0.2756,0.0028
13.0625,92.8125,Andaman & Nicobar,86C16SW,1371.0684,18748.0609,7.3131,0.0731
13.0625,92.9375,Andaman & Nicobar,86C16SE,2981.0944,18748.0609,15.9008,0.159
13.0625,93.0625,Andaman & Nicobar,86G04SW,11.0652,18748.0609,0.059,0.0006
12.9375,92.6875,Andaman & Nicobar,86D09NE,449.7869,18757.2657,2.3979,0.024
12.9375,92.8125,Andaman & Nicobar,86D13NW,2033.4607,18757.2657,10.8409,0.1084
12.9375,92.9375,Andaman & Nicobar,86D13NE,1109.7954,18757.2657,5.9166,0.0592
12.9375,93.0625,Andaman & Nicobar,86H01NW,0.0,18757.2657,0.0,0.0
12.8125,92.6875,Andaman & Nicobar,86D09SE,1021.6615,18766.3833,5.4441,0.0544
12.8125,92.8125,Andaman & Nicobar,86D13SW,2223.951,18766.3833,11.8507,0.1185
12.8125,92.9375,Andaman & Nicobar,86D13SE,189.7744,18766.3833,1.0112,0.0101
12.6875,92.6875,Andaman & Nicobar,86D10NE,412.4082,18775.4134,2.1965,0.022
12.6875,92.8125,Andaman & Nicobar,86D14NW,1795.1294,18775.4134,9.5611,0.0956
12.6875,92.9375,Andaman & Nicobar,86D14NE,78.5072,18775.4134,0.4181,0.0042
12.5625,92.6875,Andaman & Nicobar,86D10SE,529.4721,18784.3561,2.8187,0.0282
12.5625,92.9375,Andaman & Nicobar,86D14SE,163.6145,18784.3561,0.871,0.0087
12.4375,92.6875,Andaman & Nicobar,86D11NE,2.3581,18793.2114,0.0125,0.0001
12.4375,92.9375,Andaman & Nicobar,86D15NE,2606.4247,18793.2114,13.869,0.1387
12.3125,92.6875,Andaman & Nicobar,86D11SE,1000.3241,18801.9791,5.3203,0.0532
12.3125,92.9375,Andaman & Nicobar,86D15SE,761.4657,18801.9791,4.0499,0.0405
12.3125,93.0625,Andaman & Nicobar,86H03SW,64.2009,18801.9791,0.3415,0.0034
12.3125,93.9375,Andaman & Nicobar,86H15SE,0.0,18801.9791,0.0,0.0
12.3125,93.8125,Andaman & Nicobar,86H15SW,0.0,18801.9791,0.0,0.0
12.1875,92.6875,Andaman & Nicobar,86D12NE,1608.31,18810.6594,8.55,0.0855
12.1875,92.8125,Andaman & Nicobar,86D16NW,2277.0267,18810.6594,12.105,0.1211
12.1875,92.9375,Andaman & Nicobar,86D16NE,520.0293,18810.6594,2.7645,0.0276
12.1875,93.0625,Andaman & Nicobar,86H04NW,884.2574,18810.6594,4.7008,0.047
12.0625,92.5625,Andaman & Nicobar,86D12SW,1.2026,18819.252,0.0064,0.0001
12.0625,92.6875,Andaman & Nicobar,86D12SE,2320.4513,18819.252,12.3302,0.1233
12.0625,92.8125,Andaman & Nicobar,86D16SW,1218.9702,18819.252,6.4773,0.0648
12.0625,92.9375,Andaman & Nicobar,86D16SE,1137.7216,18819.252,6.0455,0.0605
12.0625,93.0625,Andaman & Nicobar,86H04SW,941.9246,18819.252,5.0051,0.0501
11.9375,92.5625,Andaman & Nicobar,87A09NW,970.448,18827.7571,5.1543,0.0515
11.9375,92.6875,Andaman & Nicobar,87A09NE,2239.5693,18827.7571,11.895,0.119
11.9375,92.8125,Andaman & Nicobar,87A13NW,129.7372,18827.7571,0.6891,0.0069
11.9375,92.9375,Andaman & Nicobar,87A13NE,247.6185,18827.7571,1.3152,0.0132
11.9375,93.0625,Andaman & Nicobar,87E01NW,557.4479,18827.7571,2.9608,0.0296
11.8125,92.5625,Andaman & Nicobar,87A09SW,1112.779,18836.1746,5.9077,0.0591
11.8125,92.8125,Andaman & Nicobar,87A13SW,0.0,18836.1746,0.0,0.0
11.8125,93.0625,Andaman & Nicobar,87E01SW,34.577,18836.1746,0.1836,0.0018
11.6875,92.5625,Andaman & Nicobar,87A10NW,882.7395,18844.5044,4.6843,0.0468
11.6875,92.6875,Andaman & Nicobar,87A10NE,701.48,18844.5044,3.7225,0.0372
11.6875,92.8125,Andaman & Nicobar,87A14NW,1.4012,18844.5044,0.0074,0.0001
11.5625,92.1875,Andaman & Nicobar,87A02SE,0.3505,18852.7466,0.0019,0.0
11.5625,92.3125,Andaman & Nicobar,87A06SW,0.0,18852.7466,0.0,0.0
11.5625,92.5625,Andaman & Nicobar,87A10SW,504.0424,18852.7466,2.6736,0.0267
11.5625,92.6875,Andaman & Nicobar,87A10SE,703.1886,18852.7466,3.7299,0.0373
11.5625,92.8125,Andaman & Nicobar,87A14SW,0.0,18852.7466,0.0,0.0
11.4375,92.5625,Andaman & Nicobar,87A11NW,30.4918,18860.901,0.1617,0.0016
11.4375,92.6875,Andaman & Nicobar,87A11NE,254.9022,18860.901,1.3515,0.0135
11.3125,92.5625,Andaman & Nicobar,87A11SW,0.0,18868.9677,0.0,0.0
11.3125,92.6875,Andaman & Nicobar,87A11SE,17.6255,18868.9677,0.0934,0.0009
11.1875,92.6875,Andaman & Nicobar,87A12NE,0.0,18876.9466,0.0,0.0
10.9375,92.4375,Andaman & Nicobar,87B05NE,17.1647,18892.641,0.0909,0.0009
10.9375,92.5625,Andaman & Nicobar,87B09NW,376.0112,18892.641,1.9903,0.0199
10.8125,92.4375,Andaman & Nicobar,87B05SE,408.7626,18900.3565,2.1627,0.0216
10.8125,92.5625,Andaman & Nicobar,87B09SW,1033.3469,18900.3565,5.4673,0.0547
10.6875,92.4375,Andaman & Nicobar,87B06NE,41.1454,18907.984,0.2176,0.0022
10.6875,92.5625,Andaman & Nicobar,87B10NW,24.6257,18907.984,0.1302,0.0013
10.5625,92.4375,Andaman & Nicobar,87B06SE,0.0,18915.5237,0.0,0.0
10.5625,92.5625,Andaman & Nicobar,87B10SW,0.0,18915.5237,0.0,0.0
9.3125,92.8125,Andaman & Nicobar,87C15SW,0.0,18986.079,0.0,0.0
9.1875,92.6875,Andaman & Nicobar,87C12NE,0.0,18992.6499,0.0,0.0
9.1875,92.8125,Andaman & Nicobar,87C16NW,205.9089,18992.6499,1.0842,0.0108
9.0625,92.6875,Andaman & Nicobar,87C12SE,0.0,18999.1325,0.0,0.0
9.0625,92.8125,Andaman & Nicobar,87C16SW,4.4257,18999.1325,0.0233,0.0002
8.5625,93.6875,Andaman & Nicobar,87H10SE,0.0,19024.1805,0.0,0.0
8.5625,93.5625,Andaman & Nicobar,87H10SW,0.0,19024.1805,0.0,0.0
8.4375,93.6875,Andaman & Nicobar,87H11NE,0.0,19030.2217,0.0,0.0
8.4375,93.5625,Andaman & Nicobar,87H11NW,0.0,19030.2217,0.0,0.0
8.4375,93.0625,Andaman & Nicobar,87H03NW,0.0,19030.2217,0.0,0.0
8.3125,93.1875,Andaman & Nicobar,87H03SE,0.0,19036.1745,0.0,0.0
8.3125,93.0625,Andaman & Nicobar,87H03SW,0.0,19036.1745,0.0,0.0
8.1875,93.5625,Andaman & Nicobar,87H12NW,14.4244,19042.039,0.0758,0.0008
8.1875,93.4375,Andaman & Nicobar,87H08NE,8.7609,19042.039,0.046,0.0005
8.1875,93.3125,Andaman & Nicobar,87H08NW,0.0,19042.039,0.0,0.0
8.1875,93.1875,Andaman & Nicobar,87H04NE,0.0,19042.039,0.0,0.0
8.1875,93.0625,Andaman & Nicobar,87H04NW,0.0,19042.039,0.0,0.0
8.0625,93.5625,Andaman & Nicobar,87H12SW,30.1412,19047.815,0.1582,0.0016
8.0625,93.4375,Andaman & Nicobar,87H08SE,18.368,19047.815,0.0964,0.001
8.0625,93.3125,Andaman & Nicobar,87H08SW,0.0,19047.815,0.0,0.0
7.9375,93.5625,Andaman & Nicobar,88E09NW,29.1319,19053.5027,0.1529,0.0015
7.9375,93.4375,Andaman & Nicobar,88E05NE,28.7777,19053.5027,0.151,0.0015
7.9375,93.3125,Andaman & Nicobar,88E05NW,12.5736,19053.5027,0.066,0.0007
7.8125,93.4375,Andaman & Nicobar,88E05SE,0.0,19059.1019,0.0,0.0
7.4375,93.8125,Andaman & Nicobar,88E15NW,0.0,19075.3687,0.0,0.0
7.4375,93.6875,Andaman & Nicobar,88E11NE,16.3446,19075.3687,0.0857,0.0009
7.3125,93.8125,Andaman & Nicobar,88E15SW,0.0,19080.6139,0.0,0.0
7.3125,93.6875,Andaman & Nicobar,88E11SE,10.4301,19080.6139,0.0547,0.0005
7.3125,93.5625,Andaman & Nicobar,88E11SW,0.0,19080.6139,0.0,0.0
7.1875,93.9375,Andaman & Nicobar,88E16NE,14.4465,19085.7706,0.0757,0.0008
7.1875,93.8125,Andaman & Nicobar,88E16NW,4.6233,19085.7706,0.0242,0.0002
7.1875,93.6875,Andaman & Nicobar,88E12NE,24.2142,19085.7706,0.1269,0.0013
7.0625,93.9375,Andaman & Nicobar,88E16SE,94.0435,19090.8387,0.4926,0.0049
7.0625,93.6875,Andaman & Nicobar,88E12SE,81.0904,19090.8387,0.4248,0.0042
6.9375,93.9375,Andaman & Nicobar,88F13NE,111.728,19095.8183,0.5851,0.0059
6.9375,93.8125,Andaman & Nicobar,88F13NW,40.112,19095.8183,0.2101,0.0021
6.9375,93.6875,Andaman & Nicobar,88F09NE,30.7052,19095.8183,0.1608,0.0016
6.8125,93.9375,Andaman & Nicobar,88F13SE,0.7989,19100.7093,0.0042,0.0
6.8125,93.8125,Andaman & Nicobar,88F13SW,126.4918,19100.7093,0.6622,0.0066
21.5625,87.4375,Odisha,73O06SE,497.4911,17919.3407,2.7763,0.0278
21.5625,87.3125,Odisha,73O06SW,85.7743,17919.3407,0.4787,0.0048
21.5625,87.1875,Odisha,73O02SE,0.2811,17919.3407,0.0016,0.0
21.5625,87.0625,Odisha,73O02SW,18.9557,17919.3407,0.1058,0.0011
21.4375,87.0625,Odisha,73O03NW,28.8377,17934.389,0.1608,0.0016
21.4375,86.9375,Odisha,73K15NE,0.0,17934.389,0.0,0.0
21.3125,86.9375,Odisha,73K15SE,9.3217,17949.3531,0.0519,0.0005
21.3125,86.8125,Odisha,73K15SW,2.1897,17949.3531,0.0122,0.0001
21.1875,86.8125,Odisha,73K16NW,356.6048,17964.2328,1.9851,0.0199
21.0625,86.8125,Odisha,73K16SW,294.223,17979.0281,1.6365,0.0164
20.9375,86.9375,Odisha,73L13NE,633.1006,17993.739,3.5184,0.0352
20.9375,86.8125,Odisha,73L13NW,0.0,17993.739,0.0,0.0
20.8125,86.9375,Odisha,73L13SE,2224.372,18008.3653,12.3519,0.1235
20.6875,87.0625,Odisha,73P02NW,596.1848,18022.9071,3.3079,0.0331
20.6875,86.9375,Odisha,73L14NE,7326.2669,18022.9071,40.6498,0.4065
20.5625,86.9375,Odisha,73L14SE,149.7486,18037.3643,0.8302,0.0083
20.5625,86.8125,Odisha,73L14SW,296.8371,18037.3643,1.6457,0.0165
20.4375,86.8125,Odisha,73L15NW,945.9298,18051.7368,5.2401,0.0524
20.4375,86.6875,Odisha,73L11NE,1927.5369,18051.7368,10.6778,0.1068
20.3125,86.8125,Odisha,73L15SW,1541.3038,18066.0245,8.5315,0.0853
20.3125,86.6875,Odisha,73L11SE,1665.5245,18066.0245,9.2191,0.0922
20.1875,86.6875,Odisha,73L12NE,0.0,18080.2275,0.0,0.0
20.1875,86.5625,Odisha,73L12NW,3.445,18080.2275,0.0191,0.0002
20.1875,86.4375,Odisha,73L08NE,15.2923,18080.2275,0.0846,0.0008
20.0625,86.4375,Odisha,73L08SE,556.0828,18094.3456,3.0732,0.0307
19.9375,86.4375,Odisha,74I05NE,155.749,18108.3789,0.8601,0.0086
19.9375,86.3125,Odisha,74I05NW,93.8534,18108.3789,0.5183,0.0052
19.9375,86.1875,Odisha,74I01NE,15.8211,18108.3789,0.0874,0.0009
19.8125,85.6875,Odisha,74E09SE,0.0,18122.3272,0.0,0.0
19.8125,85.8125,Odisha,74E13SW,0.0,18122.3272,0.0,0.0
19.8125,86.1875,Odisha,74I01SE,0.0,18122.3272,0.0,0.0
19.8125,85.9375,Odisha,74E13SE,0.0,18122.3272,0.0,0.0
19.8125,86.0625,Odisha,74I01SW,0.0,18122.3272,0.0,0.0
19.6875,85.4375,Odisha,74E06NE,18.0367,18136.1905,0.0995,0.001
19.6875,85.5625,Odisha,74E10NW,17.1096,18136.1905,0.0943,0.0009
19.6875,85.6875,Odisha,74E10NE,0.0,18136.1905,0.0,0.0
19.5625,85.1875,Odisha,74E02SE,0.0,18149.9687,0.0,0.0
19.5625,85.3125,Odisha,74E06SW,0.0,18149.9687,0.0,0.0
19.5625,85.4375,Odisha,74E06SE,0.0,18149.9687,0.0,0.0
19.4375,85.0625,Odisha,74E03NW,0.0,18163.6618,0.0,0.0
19.4375,85.1875,Odisha,74E03NE,3.0388,18163.6618,0.0167,0.0002
19.3125,84.9375,Odisha,74A15SE,0.0,18177.2698,0.0,0.0
19.3125,85.0625,Odisha,74E03SW,0.0,18177.2698,0.0,0.0
19.1875,84.8125,Odisha,74A16NW,0.0,18190.7926,0.0,0.0
19.1875,84.9375,Odisha,74A16NE,0.0,18190.7926,0.0,0.0
19.0625,84.8125,Odisha,74A16SW,0.0,18204.2302,0.0,0.0
21.9375,88.1875,West Bengal,79C01NE,542.1684,17873.6905,3.0333,0.0303
21.8125,87.8125,West Bengal,73O13SW,6.9314,17888.9914,0.0387,0.0004
21.8125,87.9375,West Bengal,73O13SE,76.0374,17888.9914,0.4251,0.0043
21.8125,88.0625,West Bengal,79C01SW,67.3809,17888.9914,0.3767,0.0038
21.8125,88.1875,West Bengal,79C01SE,587.3176,17888.9914,3.2831,0.0328
21.8125,88.4375,West Bengal,79C05SE,1470.5335,17888.9914,8.2203,0.0822
21.6875,87.5625,West Bengal,73O10NW,24.2961,17904.2081,0.1357,0.0014
21.6875,87.6875,West Bengal,73O10NE,35.1128,17904.2081,0.1961,0.002
21.6875,87.8125,West Bengal,73O14NW,77.9638,17904.2081,0.4354,0.0044
21.6875,88.0625,West Bengal,79C02NW,99.2644,17904.2081,0.5544,0.0055
21.6875,88.1875,West Bengal,79C02NE,864.2994,17904.2081,4.8274,0.0483
21.6875,88.3125,West Bengal,79C06NW,5063.2657,17904.2081,28.2798,0.2828
21.6875,88.4375,West Bengal,79C06NE,3651.8158,17904.2081,20.3964,0.204
21.5625,87.4375,West Bengal,73O06SE,497.4911,17919.3407,2.7763,0.0278
21.5625,87.5625,West Bengal,73O10SW,0.0,17919.3407,0.0,0.0
21.5625,88.1875,West Bengal,79C02SE,315.9285,17919.3407,1.7631,0.0176
21.5625,88.3125,West Bengal,79C06SW,719.2448,17919.3407,4.0138,0.0401
21.5625,88.4375,West Bengal,79C06SE,615.3892,17919.3407,3.4342,0.0343
12.1875,79.9375,Tamil Nadu & Puducherry,57P16NE,25.1765,18810.6594,0.1338,0.0013
12.0625,79.9375,Tamil Nadu & Puducherry,57P16SE,0.0,18819.252,0.0,0.0
12.0625,79.8125,Tamil Nadu & Puducherry,57P16SW,0.0,18819.252,0.0,0.0
8.3125,77.1875,Tamil Nadu & Puducherry,58H03SE,0.0,19036.1745,0.0,0.0
8.3125,77.0625,Tamil Nadu & Puducherry,58H03SW,0.0,19036.1745,0.0,0.0
8.1875,77.1875,Tamil Nadu & Puducherry,58H04NE,0.0,19042.039,0.0,0.0
8.1875,77.3125,Tamil Nadu & Puducherry,58H08NW,0.0,19042.039,0.0,0.0
8.0625,77.4375,Tamil Nadu & Puducherry,58H08SE,20.0056,19047.815,0.105,0.001
8.0625,77.3125,Tamil Nadu & Puducherry,58H08SW,0.0,19047.815,0.0,0.0
8.1875,77.6875,Tamil Nadu & Puducherry,58H12NE,0.0,19042.039,0.0,0.0
8.1875,77.5625,Tamil Nadu & Puducherry,58H12NW,0.0,19042.039,0.0,0.0
8.0625,77.5625,Tamil Nadu & Puducherry,58H12SW,0.0,19047.815,0.0,0.0
8.3125,77.9375,Tamil Nadu & Puducherry,58H15SE,0.0,19036.1745,0.0,0.0
8.3125,77.8125,Tamil Nadu & Puducherry,58H15SW,0.0,19036.1745,0.0,0.0
8.1875,77.8125,Tamil Nadu & Puducherry,58H16NW,0.0,19042.039,0.0,0.0
9.1875,78.4375,Tamil Nadu & Puducherry,58K08NE,0.0,18992.6499,0.0,0.0
9.0625,78.4375,Tamil Nadu & Puducherry,58K08SE,1.0595,18999.1325,0.0056,0.0001
9.0625,78.3125,Tamil Nadu & Puducherry,58K08SW,0.0,18999.1325,0.0,0.0
9.1875,78.6875,Tamil Nadu & Puducherry,58K12NE,0.0,18992.6499,0.0,0.0
9.1875,78.5625,Tamil Nadu & Puducherry,58K12NW,0.0,18992.6499,0.0,0.0
9.6875,78.9375,Tamil Nadu & Puducherry,58K14NE,121.3569,18965.8373,0.6399,0.0064
9.5625,78.9375,Tamil Nadu & Puducherry,58K14SE,73.8985,18972.6727,0.3895,0.0039
9.4375,78.9375,Tamil Nadu & Puducherry,58K15NE,47.3648,18979.42,0.2496,0.0025
9.3125,78.9375,Tamil Nadu & Puducherry,58K15SE,0.0,18986.079,0.0,0.0
9.3125,78.8125,Tamil Nadu & Puducherry,58K15SW,2.2941,18986.079,0.0121,0.0001
9.1875,78.9375,Tamil Nadu & Puducherry,58K16NE,2.1183,18992.6499,0.0112,0.0001
9.1875,78.8125,Tamil Nadu & Puducherry,58K16NW,0.0,18992.6499,0.0,0.0
8.9375,78.1875,Tamil Nadu & Puducherry,58L01NE,1.6782,19005.527,0.0088,0.0001
8.8125,78.1875,Tamil Nadu & Puducherry,58L01SE,77.2207,19011.8331,0.4062,0.0041
8.6875,78.1875,Tamil Nadu & Puducherry,58L02NE,39.7388,19018.0509,0.209,0.0021
8.5625,78.1875,Tamil Nadu & Puducherry,58L02SE,5.393,19024.1805,0.0283,0.0003
8.5625,78.0625,Tamil Nadu & Puducherry,58L02SW,20.8649,19024.1805,0.1097,0.0011
8.4375,78.1875,Tamil Nadu & Puducherry,58L03NE,0.0,19030.2217,0.0,0.0
8.4375,78.0625,Tamil Nadu & Puducherry,58L03NW,0.0,19030.2217,0.0,0.0
8.3125,78.0625,Tamil Nadu & Puducherry,58L03SW,0.0,19036.1745,0.0,0.0
8.9375,78.3125,Tamil Nadu & Puducherry,58L05NW,0.0,19005.527,0.0,0.0
11.9375,79.8125,Tamil Nadu & Puducherry,58M13NW,30.0117,18827.7571,0.1594,0.0016
11.8125,79.8125,Tamil Nadu & Puducherry,58M13SW,17.2448,18836.1746,0.0916,0.0009
11.6875,79.8125,Tamil Nadu & Puducherry,58M14NW,9.1079,18844.5044,0.0483,0.0005
11.5625,79.8125,Tamil Nadu & Puducherry,58M14SW,0.0,18852.7466,0.0,0.0
11.4375,79.8125,Tamil Nadu & Puducherry,58M15NW,1037.917,18860.901,5.503,0.055
11.3125,79.8125,Tamil Nadu & Puducherry,58M15SW,254.7043,18868.9677,1.3499,0.0135
11.1875,79.8125,Tamil Nadu & Puducherry,58M16NW,62.7243,18876.9466,0.3323,0.0033
11.0625,79.8125,Tamil Nadu & Puducherry,58M16SW,24.3981,18884.8377,0.1292,0.0013
10.0625,79.1875,Tamil Nadu & Puducherry,58N04SE,52.869,18944.8026,0.2791,0.0028
10.3125,79.3125,Tamil Nadu & Puducherry,58N07SW,57.3153,18930.3391,0.3028,0.003
10.1875,79.3125,Tamil Nadu & Puducherry,58N08NW,111.8585,18937.6148,0.5907,0.0059
10.0625,79.3125,Tamil Nadu & Puducherry,58N08SW,29.0097,18944.8026,0.1531,0.0015
10.3125,79.6875,Tamil Nadu & Puducherry,58N11SE,20.487,18930.3391,0.1082,0.0011
10.9375,79.8125,Tamil Nadu & Puducherry,58N13NW,37.8415,18892.641,0.2003,0.002
10.8125,79.8125,Tamil Nadu & Puducherry,58N13SW,53.2061,18900.3565,0.2815,0.0028
10.6875,79.8125,Tamil Nadu & Puducherry,58N14NW,103.7092,18907.984,0.5485,0.0055
10.5625,79.8125,Tamil Nadu & Puducherry,58N14SW,111.2006,18915.5237,0.5879,0.0059
10.4375,79.8125,Tamil Nadu & Puducherry,58N15NW,12.6634,18922.9754,0.0669,0.0007
10.3125,79.9375,Tamil Nadu & Puducherry,58N15SE,0.0,18930.3391,0.0,0.0
10.3125,79.8125,Tamil Nadu & Puducherry,58N15SW,0.2639,18930.3391,0.0014,0.0
9.9375,79.1875,Tamil Nadu & Puducherry,58O01NE,15.6773,18951.9022,0.0827,0.0008
9.9375,79.0625,Tamil Nadu & Puducherry,58O01NW,4.8441,18951.9022,0.0256,0.0003
9.8125,79.0625,Tamil Nadu & Puducherry,58O01SW,136.9186,18958.9138,0.7222,0.0072
9.6875,79.0625,Tamil Nadu & Puducherry,58O02NW,0.0,18965.8373,0.0,0.0
9.3125,79.1875,Tamil Nadu & Puducherry,58O03SE,0.0,18986.079,0.0,0.0
9.3125,79.0625,Tamil Nadu & Puducherry,58O03SW,8.9116,18986.079,0.0469,0.0005
9.3125,79.3125,Tamil Nadu & Puducherry,58O07SW,0.0,18986.079,0.0,0.0
9.1875,79.4375,Tamil Nadu & Puducherry,58O08NE,0.0,18992.6499,0.0,0.0
9.1875,79.3125,Tamil Nadu & Puducherry,58O08NW,0.0,18992.6499,0.0,0.0
13.5625,80.3125,Tamil Nadu & Puducherry,66C06SW,0.0,18710.3684,0.0,0.0
13.4375,80.3125,Tamil Nadu & Puducherry,66C07NW,0.87,18719.9224,0.0046,0.0
13.3125,80.3125,Tamil Nadu & Puducherry,66C07SW,49.0691,18729.3891,0.262,0.0026
13.1875,80.3125,Tamil Nadu & Puducherry,66C08NW,75.6108,18738.7686,0.4035,0.004
13.0625,80.3125,Tamil Nadu & Puducherry,66C08SW,16.7284,18748.0609,0.0892,0.0009
12.8125,80.1875,Tamil Nadu & Puducherry,66D01SE,47.8797,18766.3833,0.2551,0.0026
12.6875,80.1875,Tamil Nadu & Puducherry,66D02NE,0.0,18775.4134,0.0,0.0
12.5625,80.1875,Tamil Nadu & Puducherry,66D02SE,5.0632,18784.3561,0.027,0.0003
12.4375,80.1875,Tamil Nadu & Puducherry,66D03NE,0.0,18793.2114,0.0,0.0
12.4375,80.0625,Tamil Nadu & Puducherry,66D03NW,0.0,18793.2114,0.0,0.0
12.3125,80.0625,Tamil Nadu & Puducherry,66D03SW,0.0,18801.9791,0.0,0.0
12.1875,80.0625,Tamil Nadu & Puducherry,66D04NW,0.0,18810.6594,0.0,0.0
12.9375,80.3125,Tamil Nadu & Puducherry,66D05NW,0.0,18757.2657,0.0,0.0
12.8125,80.3125,Tamil Nadu & Puducherry,66D05SW,0.0,18766.3833,0.0,0.0
16.3125,81.1875,Andhra Pradesh,65H03SE,34.1775,18478.1877,0.185,0.0019
16.1875,81.1875,Andhra Pradesh,65H04NE,1446.797,18489.6511,7.8249,0.0782
16.0625,81.1875,Andhra Pradesh,65H04SE,803.6056,18501.0282,4.3436,0.0434
16.3125,81.4375,Andhra Pradesh,65H07SE,442.1716,18478.1877,2.3929,0.0239
16.3125,81.3125,Andhra Pradesh,65H07SW,1213.2911,18478.1877,6.5661,0.0657
16.3125,81.6875,Andhra Pradesh,65H11SE,166.5403,18478.1877,0.9013,0.009
16.3125,81.5625,Andhra Pradesh,65H11SW,51.2663,18478.1877,0.2774,0.0028
16.4375,81.9375,Andhra Pradesh,65H15NE,168.292,18466.638,0.9113,0.0091
16.4375,81.8125,Andhra Pradesh,65H15NW,3.9477,18466.638,0.0214,0.0002
16.3125,81.8125,Andhra Pradesh,65H15SW,0.0,18478.1877,0.0,0.0
17.1875,82.4375,Andhra Pradesh,65K08NE,0.0,18395.529,0.0,0.0
17.0625,82.4375,Andhra Pradesh,65K08SE,0.0,18407.5958,0.0,0.0
17.0625,82.3125,Andhra Pradesh,65K08SW,0.0,18407.5958,0.0,0.0
17.3125,82.6875,Andhra Pradesh,65K11SE,0.0,18383.3762,0.0,0.0
17.3125,82.5625,Andhra Pradesh,65K11SW,0.0,18383.3762,0.0,0.0
17.1875,82.5625,Andhra Pradesh,65K12NW,0.0,18395.529,0.0,0.0
17.4375,82.9375,Andhra Pradesh,65K15NE,13.7241,18371.1373,0.0747,0.0007
17.4375,82.8125,Andhra Pradesh,65K15NW,29.9028,18371.1373,0.1628,0.0016
17.3125,82.8125,Andhra Pradesh,65K15SW,0.0,18383.3762,0.0,0.0
16.5625,82.1875,Andhra Pradesh,65L02SE,1884.3518,18455.0019,10.2105,0.1021
16.4375,82.1875,Andhra Pradesh,65L03NE,0.0,18466.638,0.0,0.0
16.4375,82.0625,Andhra Pradesh,65L03NW,79.8121,18466.638,0.4322,0.0043
16.9375,82.3125,Andhra Pradesh,65L05NW,534.8524,18419.5766,2.9037,0.029
16.8125,82.3125,Andhra Pradesh,65L05SW,10890.6561,18431.4712,59.0873,0.5909
16.6875,82.3125,Andhra Pradesh,65L06NW,3934.1961,18443.2797,21.3313,0.2133
16.5625,82.3125,Andhra Pradesh,65L06SW,1942.8652,18455.0019,10.5276,0.1053
18.1875,83.6875,Andhra Pradesh,65N12NE,0.0,18295.9015,0.0,0.0
18.0625,83.6875,Andhra Pradesh,65N12SE,0.0,18308.6552,0.0,0.0
18.0625,83.5625,Andhra Pradesh,65N12SW,0.0,18308.6552,0.0,0.0
18.1875,83.9375,Andhra Pradesh,65N16NE,0.0,18295.9015,0.0,0.0
18.1875,83.8125,Andhra Pradesh,65N16NW,0.0,18295.9015,0.0,0.0
17.6875,83.1875,Andhra Pradesh,65O02NE,0.0,18346.402,0.0,0.0
17.5625,83.1875,Andhra Pradesh,65O02SE,0.0,18358.8126,0.0,0.0
17.5625,83.0625,Andhra Pradesh,65O02SW,0.0,18358.8126,0.0,0.0
17.4375,83.0625,Andhra Pradesh,65O03NW,0.0,18371.1373,0.0,0.0
17.9375,83.4375,Andhra Pradesh,65O05NE,0.0,18321.3232,0.0,0.0
17.8125,83.4375,Andhra Pradesh,65O05SE,0.0,18333.9055,0.0,0.0
17.8125,83.3125,Andhra Pradesh,65O05SW,0.0,18333.9055,0.0,0.0
17.6875,83.3125,Andhra Pradesh,65O06NW,16.5406,18346.402,0.0902,0.0009
17.9375,83.5625,Andhra Pradesh,65O09NW,0.0,18321.3232,0.0,0.0
15.6875,80.1875,Andhra Pradesh,66A02NE,4.2637,18534.6407,0.023,0.0002
15.5625,80.1875,Andhra Pradesh,66A02SE,50.4193,18545.6718,0.2719,0.0027
15.4375,80.1875,Andhra Pradesh,66A03NE,2.4147,18556.6164,0.013,0.0001
15.3125,80.1875,Andhra Pradesh,66A03SE,0.0,18567.4743,0.0,0.0
15.3125,80.0625,Andhra Pradesh,66A03SW,7.0756,18567.4743,0.0381,0.0004
15.1875,80.0625,Andhra Pradesh,66A04NW,0.0,18578.2456,0.0,0.0
15.0625,80.0625,Andhra Pradesh,66A04SW,0.0,18588.9302,0.0,0.0
15.8125,80.4375,Andhra Pradesh,66A05SE,0.0,18523.523,0.0,0.0
15.8125,80.3125,Andhra Pradesh,66A05SW,0.0,18523.523,0.0,0.0
15.6875,80.3125,Andhra Pradesh,66A06NW,61.1131,18534.6407,0.3297,0.0033
15.9375,80.6875,Andhra Pradesh,66A09NE,909.2591,18512.3188,4.9116,0.0491
15.8125,80.6875,Andhra Pradesh,66A09SE,0.0,18523.523,0.0,0.0
15.8125,80.5625,Andhra Pradesh,66A09SW,320.4041,18523.523,1.7297,0.0173
15.8125,80.8125,Andhra Pradesh,66A13SW,6259.272,18523.523,33.7909,0.3379
15.6875,80.9375,Andhra Pradesh,66A14NE,2024.3541,18534.6407,10.922,0.1092
15.6875,80.8125,Andhra Pradesh,66A14NW,1904.265,18534.6407,10.2741,0.1027
14.9375,80.0625,Andhra Pradesh,66B01NW,0.0,18599.528,0.0,0.0
14.8125,80.0625,Andhra Pradesh,66B01SW,1.8162,18610.0391,0.0098,0.0001
14.6875,80.1875,Andhra Pradesh,66B02NE,47.8319,18620.4633,0.2569,0.0026
14.6875,80.0625,Andhra Pradesh,66B02NW,97.9785,18620.4633,0.5262,0.0053
14.5625,80.1875,Andhra Pradesh,66B02SE,65.6295,18630.8007,0.3523,0.0035
14.4375,80.1875,Andhra Pradesh,66B03NE,0.0,18641.0512,0.0,0.0
14.3125,80.1875,Andhra Pradesh,66B03SE,22.3302,18651.2147,0.1197,0.0012
14.1875,80.1875,Andhra Pradesh,66B04NE,0.0,18661.2913,0.0,0.0
14.0625,80.1875,Andhra Pradesh,66B04SE,16.2478,18671.2809,0.087,0.0009
13.9375,80.1875,Andhra Pradesh,66C01NE,0.0,18681.1834,0.0,0.0
13.8125,80.1875,Andhra Pradesh,66C01SE,0.0,18690.9988,0.0,0.0
13.6875,80.1875,Andhra Pradesh,66C02NE,0.0,18700.7272,0.0,0.0
13.5625,80.1875,Andhra Pradesh,66C02SE,11.3038,18710.3684,0.0604,0.0006
13.8125,80.3125,Andhra Pradesh,66C05SW,0.0,18690.9988,0.0,0.0
13.5625,80.3125,Andhra Pradesh,66C06SW,0.0,18710.3684,0.0,0.0
19.0625,84.6875,Andhra Pradesh,74A12SE,0.0,18204.2302,0.0,0.0
19.0625,84.8125,Andhra Pradesh,74A16SW,0.0,18204.2302,0.0,0.0
18.4375,84.1875,Andhra Pradesh,74B03NE,0.0,18270.1372,0.0,0.0
18.3125,84.1875,Andhra Pradesh,74B03SE,0.0,18283.0622,0.0,0.0
18.3125,84.0625,Andhra Pradesh,74B03SW,0.0,18283.0622,0.0,0.0
18.1875,84.0625,Andhra Pradesh,74B04NW,0.0,18295.9015,0.0,0.0
18.6875,84.4375,Andhra Pradesh,74B06NE,38.0685,18244.0307,0.2087,0.0021
18.5625,84.4375,Andhra Pradesh,74B06SE,0.0,18257.1267,0.0,0.0
18.5625,84.3125,Andhra Pradesh,74B06SW,157.6435,18257.1267,0.8635,0.0086
18.4375,84.3125,Andhra Pradesh,74B07NW,0.0,18270.1372,0.0,0.0
18.9375,84.6875,Andhra Pradesh,74B09NE,0.0,18217.5824,0.0,0.0
18.9375,84.5625,Andhra Pradesh,74B09NW,0.0,18217.5824,0.0,0.0
18.8125,84.5625,Andhra Pradesh,74B09SW,0.0,18230.8493,0.0,0.0
18.6875,84.5625,Andhra Pradesh,74B10NW,0.0,18244.0307,0.0,0.0
