latitude,longitude,region,map_sheet_no,edition_year,years_elapsed,erosion_length_km,erosion_area_ha,accretion_length_km,accretion_area_ha,stable_length_km,shoreline_change_rate_m_per_yr
23.6875,68.5625,"Gujarat, Daman & Diu",41A10NW,2021,10,0.0,0.0,0.0,0.0,10.86,0.0
23.5625,68.4375,"Gujarat, Daman & Diu",41A06SE,2021,10,0.2,0.35,0.19,0.12,12.2,-0.59
23.5625,68.5625,"Gujarat, Daman & Diu",41A10SW,2021,10,0.0,0.0,0.0,0.0,1.66,0.0
23.4375,68.4375,"Gujarat, Daman & Diu",41A07NE,2021,10,0.0,0.0,0.0,0.0,0.73,0.0
23.4375,68.5625,"Gujarat, Daman & Diu",41A11NW,2021,10,0.26,0.43,0.0,0.0,8.97,-1.654
23.3125,68.5625,"Gujarat, Daman & Diu",41A11SW,2021,10,0.0,0.0,0.0,0.0,0.38,0.0
23.3125,68.6875,"Gujarat, Daman & Diu",41A11SE,2021,10,0.0,0.0,0.0,0.0,6.55,0.0
23.1875,68.5625,"Gujarat, Daman & Diu",41A12NW,2021,10,1.01,3.55,0.99,1.49,6.22,-1.03
23.1875,68.6875,"Gujarat, Daman & Diu",41A12NE,2021,10,0.18,1.15,0.6,1.63,9.59,0.615
23.0625,68.6875,"Gujarat, Daman & Diu",41A12SE,2021,10,0.0,0.0,0.0,0.0,6.23,0.0
23.0625,68.8125,"Gujarat, Daman & Diu",41A16SW,2021,10,4.09,7.29,0.0,0.0,10.36,-1.782
23.0625,68.9375,"Gujarat, Daman & Diu",41A16SE,2021,10,0.0,0.0,0.2,0.52,4.25,2.6
23.0625,70.5625,"Gujarat, Daman & Diu",41I12SW,2021,10,1.06,2.2,0.22,0.41,4.09,-1.398
22.9375,68.9375,"Gujarat, Daman & Diu",41B13NE,2021,10,0.0,1.58,0.0,0.0,9.3,0.0
22.9375,69.0625,"Gujarat, Daman & Diu",41F01NW,2021,10,0.1,0.12,0.0,0.0,14.29,-1.2
22.9375,69.1875,"Gujarat, Daman & Diu",41F01NE,2021,10,0.0,0.0,0.0,0.0,0.49,0.0
22.9375,69.9375,"Gujarat, Daman & Diu",41F13NE,2021,10,0.78,6.3,0.49,0.63,4.87,-4.465
22.9375,70.4375,"Gujarat, Daman & Diu",41J05NE,2021,10,0.0,0.0,0.0,0.0,3.16,0.0
22.9375,70.5625,"Gujarat, Daman & Diu",41J09NW,2021,10,0.05,1.06,0.0,0.0,5.27,-21.2
22.8125,69.1875,"Gujarat, Daman & Diu",41F01SE,2021,10,0.39,0.38,0.75,1.04,11.44,0.579
22.8125,69.3125,"Gujarat, Daman & Diu",41F05SW,2021,10,1.81,2.61,1.98,5.28,9.01,0.704
22.8125,69.4375,"Gujarat, Daman & Diu",41F05SE,2021,10,1.83,4.87,0.75,1.93,10.11,-1.14
22.8125,69.5625,"Gujarat, Daman & Diu",41F09SW,2021,10,2.03,9.43,3.78,35.88,0.26,4.552
22.8125,69.6875,"Gujarat, Daman & Diu",41F09SE,2021,10,0.0,0.0,0.0,0.0,0.32,0.0
22.8125,69.8125,"Gujarat, Daman & Diu",41F13SW,2021,10,1.26,2.17,1.04,24.14,7.33,9.552
22.8125,70.4375,"Gujarat, Daman & Diu",41J05SE,2021,10,1.64,2.72,0.0,0.0,4.33,-1.659
22.6875,70.1875,"Gujarat, Daman & Diu",41J02NE,2021,10,0.0,0.0,0.0,0.0,3.23,0.0
22.6875,70.3125,"Gujarat, Daman & Diu",41J06NW,2021,10,0.27,0.17,1.85,3.41,3.2,1.528
22.5625,69.9375,"Gujarat, Daman & Diu",41F14SE,2021,10,0.0,0.0,0.0,0.0,5.52,0.0
22.5625,70.0625,"Gujarat, Daman & Diu",41J02SW,2021,10,0.4,2.41,0.0,0.0,5.78,-6.025
22.5625,70.1875,"Gujarat, Daman & Diu",41J02SE,2021,10,0.43,1.06,1.35,5.24,9.89,2.348
22.4375,68.9375,"Gujarat, Daman & Diu",41B15NE,2021,10,0.0,0.0,0.0,0.0,7.26,0.0
22.4375,69.0625,"Gujarat, Daman & Diu",41F03NW,2021,10,1.36,3.92,0.0,0.0,43.56,-2.882
22.4375,69.1875,"Gujarat, Daman & Diu",41F03NE,2021,10,0.29,0.43,0.0,0.06,25.0,-1.483
22.4375,69.6875,"Gujarat, Daman & Diu",41F11NE,2021,10,0.0,0.0,0.0,0.0,3.82,0.0
22.4375,69.8125,"Gujarat, Daman & Diu",41F15NW,2021,10,0.45,1.44,0.0,0.0,4.97,-3.2
22.4375,69.9375,"Gujarat, Daman & Diu",41F15NE,2021,10,0.0,0.0,0.0,0.0,12.61,0.0
22.3125,68.9375,"Gujarat, Daman & Diu",41B15SE,2021,10,0.36,0.55,0.0,0.0,16.07,-1.528
22.3125,69.1875,"Gujarat, Daman & Diu",41F03SE,2021,10,0.0,0.0,0.0,0.0,10.72,0.0
22.3125,69.3125,"Gujarat, Daman & Diu",41F07SW,2021,10,0.0,0.0,1.75,3.95,13.15,2.257
22.3125,69.4375,"Gujarat, Daman & Diu",41F07SE,2021,10,0.16,0.52,2.13,5.56,19.99,2.201
22.3125,72.5625,"Gujarat, Daman & Diu",46B11SW,2021,10,1.45,4.9,0.93,6.44,10.94,0.647
22.3125,69.5625,"Gujarat, Daman & Diu",41F11SW,2021,10,0.0,0.0,0.48,1.03,22.8,2.146
22.3125,72.4375,"Gujarat, Daman & Diu",46B07SE,2021,10,8.36,27.49,0.25,0.76,6.15,-3.105
22.3125,69.6875,"Gujarat, Daman & Diu",41F11SE,2021,10,0.0,0.0,0.0,0.0,1.71,0.0
22.3125,72.3125,"Gujarat, Daman & Diu",46B07SW,2021,10,0.0,0.0,0.0,0.0,8.2,0.0
22.1875,68.9375,"Gujarat, Daman & Diu",41B16NE,2021,10,1.66,1.78,0.0,0.0,6.93,-1.072
22.1875,69.0625,"Gujarat, Daman & Diu",41F04NW,2021,10,1.9,2.32,0.0,0.0,8.14,-1.221
22.1875,72.6875,"Gujarat, Daman & Diu",46B12NE,2021,10,0.0,0.0,0.0,0.0,2.84,0.0
22.1875,72.5625,"Gujarat, Daman & Diu",46B12NW,2021,10,8.04,27.02,0.08,0.15,5.19,-3.309
22.1875,72.3125,"Gujarat, Daman & Diu",46B08NW,2021,10,1.09,8.24,0.0,0.0,8.82,-7.56
22.1875,72.1875,"Gujarat, Daman & Diu",46B04NE,2021,10,0.0,0.0,0.0,0.0,7.32,0.0
22.0625,69.0625,"Gujarat, Daman & Diu",41F04SW,2021,10,0.0,0.0,0.0,0.0,10.08,0.0
22.0625,69.1875,"Gujarat, Daman & Diu",41F04SE,2021,10,0.0,0.0,0.0,0.0,8.15,0.0
22.0625,72.5625,"Gujarat, Daman & Diu",46B12SW,2021,10,0.91,6.35,0.01,0.0,8.81,-6.902
22.0625,72.1875,"Gujarat, Daman & Diu",46B04SE,2021,10,0.24,0.52,0.34,2.86,20.7,4.034
21.9375,69.1875,"Gujarat, Daman & Diu",41G01NE,2021,10,0.0,0.0,0.08,0.05,10.55,0.625
21.9375,69.3125,"Gujarat, Daman & Diu",41G05NW,2021,10,0.0,0.0,0.0,0.0,8.27,0.0
21.9375,72.1875,"Gujarat, Daman & Diu",46C01NE,2021,10,0.0,0.0,0.0,0.0,0.57,0.0
21.8125,69.3125,"Gujarat, Daman & Diu",41G05SW,2021,10,1.75,3.82,0.45,2.48,6.37,-0.609
21.8125,69.4375,"Gujarat, Daman & Diu",41G05SE,2021,10,1.15,2.3,0.14,0.25,10.7,-1.589
21.6875,69.4375,"Gujarat, Daman & Diu",41G06NE,2021,10,0.0,0.0,0.0,0.0,6.36,0.0
21.6875,72.5625,"Gujarat, Daman & Diu",46C10NW,2021,10,5.81,19.99,4.59,30.82,6.34,1.041
21.6875,69.5625,"Gujarat, Daman & Diu",41G10NW,2021,10,0.0,0.18,0.68,2.63,15.51,3.868
21.6875,72.3125,"Gujarat, Daman & Diu",46C06NW,2021,10,2.27,17.99,0.41,1.05,6.96,-6.321
21.5625,72.6875,"Gujarat, Daman & Diu",46C10SE,2021,10,0.0,0.0,0.0,0.0,3.99,0.0
21.5625,69.5625,"Gujarat, Daman & Diu",41G10SW,2021,10,0.0,0.0,0.0,0.0,1.43,0.0
21.5625,69.6875,"Gujarat, Daman & Diu",41G10SE,2021,10,0.0,0.35,0.42,2.34,17.08,5.571
21.5625,72.3125,"Gujarat, Daman & Diu",46C06SW,2021,10,2.66,4.45,0.17,0.22,12.49,-1.495
21.4375,72.6875,"Gujarat, Daman & Diu",46C11NE,2021,10,1.62,7.37,0.79,2.31,8.33,-2.1
21.4375,69.6875,"Gujarat, Daman & Diu",41G11NE,2021,10,0.0,0.0,0.0,0.0,1.67,0.0
21.4375,72.3125,"Gujarat, Daman & Diu",46C07NW,2021,10,0.0,0.0,0.0,0.0,0.98,0.0
21.4375,69.8125,"Gujarat, Daman & Diu",41G15NW,2021,10,0.42,2.21,0.0,0.0,15.77,-5.262
21.4375,72.1875,"Gujarat, Daman & Diu",46C03NE,2021,10,1.13,2.46,1.39,1.71,14.26,-0.298
21.3125,72.6875,"Gujarat, Daman & Diu",46C11SE,2021,10,3.54,7.25,0.11,0.12,7.82,-1.953
21.3125,72.5625,"Gujarat, Daman & Diu",46C11SW,2021,10,0.0,0.0,0.0,0.0,1.54,0.0
21.3125,69.8125,"Gujarat, Daman & Diu",41G15SW,2021,10,0.0,0.0,0.0,0.0,3.86,0.0
21.3125,72.1875,"Gujarat, Daman & Diu",46C03SE,2021,10,0.62,0.86,0.2,0.38,5.78,-0.585
21.3125,69.9375,"Gujarat, Daman & Diu",41G15SE,2021,10,0.0,0.0,0.0,0.0,14.03,0.0
21.3125,72.0625,"Gujarat, Daman & Diu",46C03SW,2021,10,2.76,4.14,1.53,2.05,5.92,-0.487
21.1875,72.6875,"Gujarat, Daman & Diu",46C12NE,2021,10,1.46,3.1,0.37,0.4,12.39,-1.475
21.1875,69.9375,"Gujarat, Daman & Diu",41G16NE,2021,10,0.0,0.0,0.0,0.0,6.27,0.0
21.1875,72.0625,"Gujarat, Daman & Diu",46C04NW,2021,10,0.47,0.71,1.03,2.41,22.4,1.133
21.1875,70.0625,"Gujarat, Daman & Diu",41K04NW,2021,10,0.13,0.43,0.0,0.0,12.48,-3.308
21.1875,71.9375,"Gujarat, Daman & Diu",41O16NE,2021,10,0.0,0.0,1.35,1.69,2.77,1.252
21.0625,72.6875,"Gujarat, Daman & Diu",46C12SE,2021,10,2.22,4.95,4.01,16.47,9.37,1.849
21.0625,72.5625,"Gujarat, Daman & Diu",46C12SW,2021,10,0.0,0.0,0.0,0.0,1.55,0.0
21.0625,70.0625,"Gujarat, Daman & Diu",41K04SW,2021,10,0.0,0.0,0.0,0.0,5.8,0.0
21.0625,71.9375,"Gujarat, Daman & Diu",41O16SE,2021,10,0.0,0.0,0.0,0.0,13.45,0.0
21.0625,70.1875,"Gujarat, Daman & Diu",41K04SE,2021,10,0.0,0.0,0.89,2.24,13.83,2.517
21.0625,71.8125,"Gujarat, Daman & Diu",41O16SW,2021,10,0.21,0.38,0.78,0.95,22.43,0.576
21.0625,71.6875,"Gujarat, Daman & Diu",41O12SE,2021,10,0.21,0.11,0.0,0.0,8.92,-0.524
20.9375,72.8125,"Gujarat, Daman & Diu",46D13NW,2021,10,7.25,24.81,0.79,3.7,3.29,-2.626
20.9375,72.6875,"Gujarat, Daman & Diu",46D09NE,2021,10,0.0,0.01,0.0,0.0,5.38,0.0
20.9375,70.1875,"Gujarat, Daman & Diu",41L01NE,2021,10,0.39,1.44,0.0,0.0,2.4,-3.692
20.9375,70.3125,"Gujarat, Daman & Diu",41L05NW,2021,10,0.0,0.0,0.14,0.67,15.42,4.786
20.9375,71.6875,"Gujarat, Daman & Diu",41P09NE,2021,10,0.95,1.18,0.53,1.96,7.44,0.527
20.9375,70.4375,"Gujarat, Daman & Diu",41L05NE,2021,10,0.37,1.56,1.77,10.6,2.67,4.224
20.9375,71.5625,"Gujarat, Daman & Diu",41P09NW,2021,10,0.51,0.65,0.19,3.0,13.57,3.357
20.9375,71.4375,"Gujarat, Daman & Diu",41P05NE,2021,10,0.0,0.0,0.0,0.0,8.5,0.0
20.8125,72.8125,"Gujarat, Daman & Diu",46D13SW,2021,10,5.32,12.0,1.73,2.29,4.32,-1.377
20.8125,70.4375,"Gujarat, Daman & Diu",41L05SE,2021,10,0.53,0.95,0.17,0.35,11.2,-0.857
20.8125,70.5625,"Gujarat, Daman & Diu",41L09SW,2021,10,0.51,0.82,0.0,0.38,16.08,-1.608
20.8125,71.4375,"Gujarat, Daman & Diu",41P05SE,2021,10,0.0,0.0,0.0,0.0,9.69,0.0
20.8125,70.6875,"Gujarat, Daman & Diu",41L09SE,2021,10,0.18,0.4,0.07,0.14,6.92,-1.04
20.8125,71.3125,"Gujarat, Daman & Diu",41P05SW,2021,10,0.0,0.0,0.0,0.0,16.98,0.0
20.8125,71.1875,"Gujarat, Daman & Diu",41P01SE,2021,10,0.23,1.78,0.53,2.49,15.12,0.934
20.8125,71.0625,"Gujarat, Daman & Diu",41P01SW,2021,10,0.0,0.0,0.0,0.0,5.16,0.0
20.6875,72.9375,"Gujarat, Daman & Diu",46D14NE,2021,10,2.19,10.09,0.0,0.0,0.38,-4.607
20.6875,72.8125,"Gujarat, Daman & Diu",46D14NW,2021,10,3.34,10.03,0.0,0.0,5.4,-3.003
20.6875,70.6875,"Gujarat, Daman & Diu",41L10NE,2021,10,0.0,0.0,0.0,0.0,7.76,0.0
20.6875,70.8125,"Gujarat, Daman & Diu",41L14NW,2021,10,0.34,0.61,0.0,0.0,17.01,-1.794
20.6875,70.9375,"Gujarat, Daman & Diu",41L14NE,2021,10,0.54,1.5,0.0,0.0,20.25,-2.778
20.6875,71.0625,"Gujarat, Daman & Diu",41P02NW,2021,10,0.0,0.0,0.0,0.0,11.56,0.0
20.5625,72.9375,"Gujarat, Daman & Diu",46D14SE,2021,10,1.68,2.71,2.06,6.4,10.24,0.987
20.4375,72.9375,"Gujarat, Daman & Diu",46D15NE,2021,10,0.21,0.88,0.0,0.0,0.0,-4.19
20.4375,72.8125,"Gujarat, Daman & Diu",46D15NW,2021,10,3.74,8.74,1.05,1.56,10.47,-1.499
20.3125,72.8125,"Gujarat, Daman & Diu",46D15SW,2021,10,4.37,8.16,0.37,0.61,12.94,-1.593
20.3125,72.6875,"Gujarat, Daman & Diu",46D11SE,2021,10,0.0,0.0,0.22,0.5,0.83,2.273
20.1875,72.8125,"Gujarat, Daman & Diu",46D16NW,2021,10,0.0,0.0,0.0,0.0,0.25,0.0
20.1875,72.6875,"Gujarat, Daman & Diu",46D12NE,2021,10,4.62,6.9,0.01,0.0,8.15,-1.49
14.9375,74.0625,Karnataka,48J01NW,2021,10,0.0,0.0,0.91,1.06,2.28,1.165
14.8125,74.0625,Karnataka,48J01SW,2021,10,1.57,4.03,2.36,5.81,13.34,0.453
14.8125,74.1875,Karnataka,48J01SE,2021,10,0.72,2.25,1.77,10.09,8.16,3.149
14.6875,74.1875,Karnataka,48J02NE,2021,10,0.33,0.68,0.71,1.44,16.34,0.731
14.6875,74.3125,Karnataka,48J06NW,2021,10,0.7,1.91,5.36,13.81,16.14,1.964
14.5625,74.3125,Karnataka,48J06SW,2021,10,0.48,2.11,5.41,13.47,20.07,1.929
14.4375,74.3125,Karnataka,48J07NW,2021,10,0.16,0.1,0.0,0.0,4.4,-0.625
14.4375,74.4375,Karnataka,48J07NE,2021,10,0.33,0.38,2.51,3.41,10.25,1.067
14.3125,74.4375,Karnataka,48J07SE,2021,10,4.78,9.98,1.64,2.57,9.49,-1.154
14.1875,74.4375,Karnataka,48J08NE,2021,10,0.0,0.0,1.68,2.01,16.37,1.196
14.0625,74.4375,Karnataka,48J08SE,2021,10,1.35,1.97,0.48,0.89,9.08,-0.59
14.0625,74.5625,Karnataka,48J12SW,2021,10,0.0,0.0,2.17,3.78,3.92,1.742
13.9375,74.5625,Karnataka,48K09NW,2021,10,3.2,2.62,0.89,1.56,17.77,-0.259
13.8125,74.5625,Karnataka,48K09SW,2021,10,0.48,0.63,0.93,1.83,7.94,0.851
13.8125,74.6875,Karnataka,48K09SE,2021,10,3.02,2.6,0.56,0.95,1.93,-0.461
13.6875,74.6875,Karnataka,48K10NE,2021,10,3.14,3.58,4.61,8.34,7.52,0.614
13.5625,74.6875,Karnataka,48K10SE,2021,10,0.48,0.63,0.81,0.62,13.07,-0.008
13.4375,74.6875,Karnataka,48K11NE,2021,10,1.03,2.9,4.53,9.24,9.06,1.14
13.3125,74.6875,Karnataka,48K11SE,2021,10,1.33,1.67,0.13,0.12,14.1,-1.062
13.1875,74.6875,Karnataka,48K12NE,2021,10,0.31,0.24,0.0,0.0,7.79,-0.774
13.1875,74.8125,Karnataka,48K16NW,2021,10,4.36,5.1,0.39,0.61,1.77,-0.945
13.0625,74.8125,Karnataka,48K16SW,2021,10,3.11,7.96,2.63,17.2,8.23,1.61
12.9375,74.8125,Karnataka,48L13NW,2021,10,4.01,8.66,3.86,6.07,6.49,-0.329
12.8125,74.8125,Karnataka,48L13SW,2021,10,5.3,12.05,3.4,6.51,5.35,-0.637
12.6875,74.9375,Kerala,48L14NE,2021,10,0.44,0.46,5.97,8.71,6.15,1.287
12.4375,74.9375,Kerala,48L15NE,2021,10,1.2,6.87,3.4,14.3,2.65,1.615
12.1875,75.1875,Kerala,48P04NE,2021,10,0.0,0.0,0.0,0.0,7.74,0.0
11.9375,75.3125,Kerala,49M05NW,2021,10,4.56,6.29,6.09,11.4,7.31,0.48
11.8125,75.3125,Kerala,49M05SW,2021,10,0.1,0.04,0.0,0.0,4.9,-0.4
11.6875,75.5625,Kerala,49M10NW,2021,10,2.68,3.22,1.44,1.73,9.0,-0.362
11.4375,75.6875,Kerala,49M11NE,2021,10,1.81,2.92,2.93,4.25,12.98,0.281
11.3125,75.6875,Kerala,49M11SE,2021,10,4.54,6.09,0.0,0.0,3.0,-1.341
11.3125,75.8125,Kerala,49M15SW,2021,10,3.98,5.69,0.0,0.0,2.34,-1.43
11.1875,75.8125,Kerala,49M16NW,2021,10,5.61,5.15,0.65,0.79,9.29,-0.696
10.9375,75.8125,Kerala,49N13NW,2021,10,1.66,4.02,0.02,0.0,3.42,-2.393
10.8125,75.9375,Kerala,49N13SE,2021,10,3.38,6.47,3.25,10.1,8.44,0.548
10.5625,76.0625,Kerala,58B02SW,2021,10,5.36,11.2,3.25,5.48,2.36,-0.664
10.1875,76.1875,Kerala,58B04NE,2021,10,5.34,5.66,0.0,0.0,9.43,-1.06
9.9375,76.3125,Kerala,58C05NW,2021,10,3.46,4.3,0.0,0.0,1.95,-1.243
9.8125,76.3125,Kerala,58C05SW,2021,10,1.5,0.91,0.26,0.45,12.28,-0.261
9.3125,76.4375,Kerala,58C07SE,2021,10,2.74,4.6,2.23,12.8,4.67,1.65
9.1875,76.4375,Kerala,58C08NE,2021,10,7.3,16.7,1.39,2.73,6.25,-1.608
8.9375,76.5625,Kerala,58D09NW,2021,10,0.0,0.0,0.85,2.11,15.16,2.482
8.6875,76.8125,Kerala,58D14NW,2021,10,2.5,2.54,1.03,3.22,3.9,0.193
8.4375,76.9375,Kerala,58D15NE,2021,10,5.63,7.37,0.77,1.72,14.24,-0.883
12.8125,74.8125,Kerala,48L13SW,2021,10,0.0,0.0,0.84,1.04,0.0,1.238
12.6875,74.8125,Kerala,48L14NW,2021,10,0.0,0.0,1.92,4.47,0.0,2.328
12.5625,74.9375,Kerala,48L14SE,2021,10,3.45,5.25,3.23,6.87,7.27,0.243
12.4375,75.0625,Kerala,48P03NW,2021,10,3.48,4.43,1.94,2.44,4.57,-0.367
12.3125,75.0625,Kerala,48P03SW,2021,10,1.58,3.07,3.04,5.6,10.65,0.548
12.1875,75.0625,Kerala,48P04NW,2021,10,0.62,0.94,1.76,9.55,5.51,3.618
12.0625,75.1875,Kerala,48P04SE,2021,10,2.58,2.81,1.54,2.76,17.43,-0.012
12.0625,75.3125,Kerala,48P08SW,2021,10,0.0,0.0,0.0,0.0,1.03,0.0
11.8125,75.4375,Kerala,49M05SE,2021,10,0.5,0.74,3.35,4.27,15.74,0.917
11.6875,75.4375,Kerala,49M06NE,2021,10,1.01,0.61,0.3,0.34,1.58,-0.206
11.5625,75.5625,Kerala,49M10SW,2021,10,1.91,6.46,1.85,2.8,10.7,-0.973
11.4375,75.5625,Kerala,49M11NW,2021,10,0.0,0.0,1.28,2.07,2.42,1.617
11.0625,75.8125,Kerala,49M16SW,2021,10,3.58,4.2,2.22,2.23,8.52,-0.34
10.9375,75.9375,Kerala,49N13NE,2021,10,0.0,0.0,5.55,8.24,2.97,1.485
10.6875,75.9375,Kerala,49N14NE,2021,10,7.57,16.7,6.25,15.8,2.23,-0.065
10.5625,75.9375,Kerala,49N14SE,2021,10,0.0,0.0,5.06,25.4,0.0,5.02
10.4375,76.0625,Kerala,58B03NW,2021,10,9.16,18.9,4.59,8.67,1.82,-0.744
10.3125,76.1875,Kerala,58B03SE,2021,10,2.68,5.1,0.0,0.0,3.95,-1.903
10.3125,76.0625,Kerala,58B03SW,2021,10,1.51,1.19,4.75,11.4,2.28,1.631
10.0625,76.1875,Kerala,58B04SE,2021,10,3.66,3.84,5.87,11.7,5.11,0.825
9.9375,76.1875,Kerala,58C01NE,2021,10,2.9,9.68,3.82,18.3,4.2,1.283
9.6875,76.3125,Kerala,58C06NW,2021,10,4.05,17.3,3.4,10.4,6.87,-0.926
9.5625,76.3125,Kerala,58C06SW,2021,10,7.34,15.3,2.6,13.6,4.24,-0.171
9.4375,76.3125,Kerala,58C07NW,2021,10,3.87,6.51,9.42,30.6,2.08,1.813
9.3125,76.3125,Kerala,58C07SW,2021,10,4.46,27.5,0.0,0.0,1.12,-6.166
9.0625,76.5625,Kerala,58C12SW,2021,10,5.31,30.5,0.0,0.0,3.3,-5.744
9.0625,76.4375,Kerala,58C08SE,2021,10,0.22,0.22,0.48,0.5,7.76,0.4
8.8125,76.6875,Kerala,58D09SE,2021,10,0.0,0.0,2.58,3.54,10.6,1.372
8.8125,76.5625,Kerala,58D09SW,2021,10,2.04,3.26,0.16,0.07,3.06,-1.45
8.6875,76.6875,Kerala,58D10NE,2021,10,0.0,0.0,3.73,4.41,6.54,1.182
8.5625,76.9375,Kerala,58D14SE,2021,10,0.0,0.0,1.04,1.35,2.19,1.298
8.5625,76.8125,Kerala,58D14SW,2021,10,0.0,0.0,3.68,12.1,10.88,3.288
8.3125,76.9375,Kerala,58D15SE,2021,10,0.0,0.0,0.0,0.0,0.47,0.0
8.3125,77.0625,Kerala,58H03SW,2021,10,0.06,0.08,1.35,3.02,12.62,2.085
20.1875,72.6875,Maharashtra,46D12NE,2021,10,0.27,0.21,0.0,0.0,0.94,-0.778
20.0625,72.6875,Maharashtra,46D12SE,2021,10,6.16,4.73,1.42,1.71,8.6,-0.398
19.9375,72.6875,Maharashtra,47A09NE,2021,10,2.93,2.31,0.57,0.56,16.35,-0.5
19.8125,72.6875,Maharashtra,47A09SE,2021,10,6.73,8.03,1.18,1.1,11.54,-0.876
19.6875,72.6875,Maharashtra,47A10NE,2021,10,2.43,3.97,1.29,3.02,11.61,-0.255
19.5625,72.6875,Maharashtra,47A10SE,2021,10,2.98,3.44,0.2,0.23,13.85,-1.009
19.5625,72.8125,Maharashtra,47A14SW,2021,10,0.3,0.23,1.74,3.46,0.0,1.583
19.4375,72.6875,Maharashtra,47A11NE,2021,10,0.0,0.0,0.33,0.58,2.3,1.758
19.4375,72.8125,Maharashtra,47A15NW,2021,10,2.65,2.83,1.59,7.05,5.97,0.995
19.3125,72.8125,Maharashtra,47A15SW,2021,10,4.96,16.5,1.65,4.46,11.23,-1.821
19.1875,72.8125,Maharashtra,47A16NW,2021,10,2.64,2.34,1.7,4.53,18.44,0.505
19.0625,72.8125,Maharashtra,47A16SW,2021,10,1.38,1.5,0.2,0.61,20.05,-0.563
18.9375,72.8125,Maharashtra,47B13NW,2021,10,0.0,0.0,0.0,0.0,26.69,0.0
18.8125,72.8125,Maharashtra,47B13SW,2021,10,1.3,1.31,0.29,0.16,5.21,-0.723
18.6875,72.8125,Maharashtra,47B14NW,2021,10,0.43,0.33,1.01,2.32,12.4,1.382
18.6875,72.9375,Maharashtra,47B14NE,2021,10,0.67,1.17,0.74,1.16,1.04,-0.007
18.5625,72.9375,Maharashtra,47B14SE,2021,10,3.05,3.11,4.34,6.18,9.87,0.415
18.4375,72.9375,Maharashtra,47B15NE,2021,10,0.93,0.68,1.17,0.92,16.35,0.114
18.3125,72.9375,Maharashtra,47B15SE,2021,10,0.2,0.42,6.4,125.36,27.23,18.93
18.1875,72.9375,Maharashtra,47B16NE,2021,10,1.46,1.76,1.41,2.77,19.27,0.352
18.0625,72.9375,Maharashtra,47B16SE,2021,10,0.18,0.31,0.27,0.48,10.27,0.378
18.0625,73.0625,Maharashtra,47F04SW,2021,10,2.07,3.35,1.01,1.87,7.35,-0.481
17.9375,73.0625,Maharashtra,47G01NW,2021,10,3.01,5.03,1.52,1.59,14.23,-0.759
17.8125,73.0625,Maharashtra,47G01SW,2021,10,3.28,3.22,0.51,1.34,13.54,-0.496
17.6875,73.1875,Maharashtra,47G02NE,2021,10,1.29,0.94,0.44,0.68,10.39,-0.15
17.6875,73.0625,Maharashtra,47G02NW,2021,10,0.0,0.0,0.46,0.49,5.65,1.065
17.5625,73.1875,Maharashtra,47G02SE,2021,10,2.19,7.36,1.71,6.03,16.38,-0.341
17.4375,73.1875,Maharashtra,47G03NE,2021,10,1.19,0.8,0.75,0.82,21.76,0.01
17.3125,73.1875,Maharashtra,47G03SE,2021,10,0.92,1.2,3.66,6.19,25.13,1.09
17.1875,73.1875,Maharashtra,47G04NE,2021,10,0.73,0.45,0.54,1.08,10.66,0.496
17.1875,73.3125,Maharashtra,47G08NW,2021,10,1.18,0.77,0.46,0.3,6.89,-0.287
17.0625,73.3125,Maharashtra,47G08SW,2021,10,6.69,10.39,0.67,1.2,17.83,-1.249
16.9375,73.3125,Maharashtra,47H05NW,2021,10,1.68,3.39,1.87,1.33,22.55,-0.58
16.8125,73.3125,Maharashtra,47H05SW,2021,10,0.0,0.0,0.44,0.32,18.94,0.727
16.6875,73.3125,Maharashtra,47H06NW,2021,10,0.69,1.56,2.29,2.34,18.48,0.262
16.5625,73.3125,Maharashtra,47H06SW,2021,10,0.0,0.0,1.93,2.43,29.33,1.259
16.4375,73.3125,Maharashtra,47H07NW,2021,10,0.98,1.05,0.41,0.73,16.4,-0.23
16.3125,73.4375,Maharashtra,47H07SE,2021,10,2.39,3.29,1.05,0.74,11.93,-0.741
16.3125,73.3125,Maharashtra,47H07SW,2021,10,0.0,0.0,0.27,0.23,1.98,0.852
16.1875,73.4375,Maharashtra,47H08NE,2021,10,0.8,0.83,4.83,5.12,10.0,0.762
16.0625,73.4375,Maharashtra,47H08SE,2021,10,1.13,1.96,3.08,3.67,15.77,0.406
15.9375,73.4375,Maharashtra,48E05NE,2021,10,0.0,0.0,0.0,0.0,3.54,0.0
15.9375,73.5625,Maharashtra,48E09NW,2021,10,0.58,1.01,2.75,2.05,18.17,0.312
15.8125,73.6875,Maharashtra,48E09SE,2021,10,2.02,2.13,1.84,2.41,10.47,0.073
15.8125,73.5625,Maharashtra,48E09SW,2021,10,0.32,0.47,0.28,0.32,4.16,-0.25
15.6875,73.6875,Maharashtra,48E10NE,2021,10,0.37,0.37,0.0,0.0,7.9,-1.0
15.6875,73.6875,Goa,48E10NE,2021,10,6.48,7.96,0.54,1.12,5.0,-0.974
15.5625,73.6875,Goa,48E10SE,2021,10,3.14,3.94,1.35,3.83,5.51,-0.024
15.5625,73.8125,Goa,48E14SW,2021,10,5.46,8.74,0.0,0.0,1.54,-1.601
15.4375,73.8125,Goa,48E15NW,2021,10,1.39,2.29,2.53,4.95,17.84,0.679
15.3125,73.8125,Goa,48E15SW,2021,10,0.0,0.0,0.18,0.23,8.32,1.278
15.3125,73.9375,Goa,48E15SE,2021,10,1.29,1.54,0.34,0.58,12.57,-0.589
15.1875,73.9375,Goa,48E16NE,2021,10,0.21,0.34,1.92,2.62,13.78,1.07
15.0625,73.9375,Goa,48E16SE,2021,10,0.14,0.18,0.0,0.0,27.27,-1.286
15.0625,74.0625,Goa,48I04SW,2021,10,1.58,1.62,0.09,0.12,4.6,-0.898
14.9375,74.0625,Goa,48J01NW,2021,10,2.01,2.17,0.18,0.15,20.3,-0.922
11.6875,72.6875,Lakshadweep,49A10NE,2021,10,0.0,0.0,0.32,0.15,5.59,0.469
11.5625,72.1875,Lakshadweep,49A2SE,2021,10,0.06,0.06,0.85,1.47,1.08,1.549
11.4375,72.9375,Lakshadweep,49A15NE,2021,10,0.0,0.0,0.0,0.0,0.84,0.0
11.4375,73.0625,Lakshadweep,49E3NW,2021,10,0.6,0.53,0.3,0.3,6.01,-0.256
11.3125,72.8125,Lakshadweep,49A15SW,2021,10,0.0,0.0,0.7,0.49,1.58,0.7
11.1875,72.6875,Lakshadweep,49A12NE,2021,10,0.0,0.0,0.23,0.19,3.09,0.826
11.1875,72.8125,Lakshadweep,49A16NW,2021,10,0.83,2.89,2.27,2.74,13.39,-0.048
11.0625,72.6875,Lakshadweep,49A12SE,2021,10,0.0,0.0,0.0,0.0,3.42,0.0
10.9375,72.1875,Lakshadweep,49B01NE,2021,10,0.0,0.0,0.0,0.0,1.32,0.0
10.9375,72.3125,Lakshadweep,49B5NW,2021,10,1.65,4.43,2.63,6.31,4.52,0.439
10.8125,72.1875,Lakshadweep,49B01SE,2021,10,0.69,0.92,0.99,1.04,14.6,0.071
10.8125,73.6875,Lakshadweep,49F9SE,2021,10,1.35,1.0,0.18,0.2,9.11,-0.523
10.5625,72.5625,Lakshadweep,49B10SW,2021,10,0.0,0.0,0.0,0.0,2.86,0.0
10.5625,72.6875,Lakshadweep,49B10SE,2021,10,0.0,0.0,0.75,0.86,8.27,1.147
10.1875,72.3125,Lakshadweep,49B8NW,2021,10,0.66,0.9,0.0,0.0,2.53,-1.364
10.1875,73.6875,Lakshadweep,49F12NE,2021,10,1.03,0.56,0.85,1.0,4.62,0.234
10.0625,72.3125,Lakshadweep,49B8SW,2021,10,1.11,1.12,0.58,0.6,1.71,-0.308
10.0625,73.6875,Lakshadweep,49F12SE,2021,10,0.9,0.7,0.64,0.63,12.08,-0.045
8.3125,73.0625,Lakshadweep,49H3SW,2021,10,2.77,3.48,1.86,2.42,19.22,-0.229
13.6875,92.9375,Andaman & Nicobar,86C14NE,2021,10,0.0,0.0,0.0,0.0,1.56,0.0
13.6875,93.0625,Andaman & Nicobar,86G02NW,2021,10,0.16,0.24,0.58,0.69,16.17,0.608
13.5625,92.8125,Andaman & Nicobar,86C14SW,2021,10,0.0,0.0,0.63,0.96,2.58,1.524
13.5625,92.9375,Andaman & Nicobar,86C14SE,2021,10,0.0,0.0,0.58,1.52,23.59,2.621
13.5625,93.0625,Andaman & Nicobar,86G02SW,2021,10,0.0,0.0,0.51,0.4,16.59,0.784
13.4375,94.3125,Andaman & Nicobar,86K07NW,2021,10,0.0,0.0,0.0,0.0,11.76,0.0
13.4375,92.8125,Andaman & Nicobar,86C15NW,2021,10,0.0,0.0,0.0,1.09,18.15,0.0
13.4375,94.1875,Andaman & Nicobar,86K03NE,2021,10,0.0,0.0,0.0,0.0,0.96,0.0
13.4375,92.9375,Andaman & Nicobar,86C15NE,2021,10,0.0,0.0,0.0,0.0,7.88,0.0
13.4375,93.0625,Andaman & Nicobar,86G03NW,2021,10,0.0,0.0,1.86,1.99,37.92,1.07
13.3125,92.8125,Andaman & Nicobar,86C15SW,2021,10,1.34,2.84,3.93,14.41,18.12,2.195
13.3125,92.9375,Andaman & Nicobar,86C15SE,2021,10,0.0,0.0,0.0,0.0,4.13,0.0
13.3125,93.0625,Andaman & Nicobar,86G03SW,2021,10,0.0,0.0,1.55,1.56,43.55,1.006
13.1875,92.8125,Andaman & Nicobar,86C16NW,2021,10,0.0,0.0,8.97,16.54,11.34,1.844
13.1875,93.0625,Andaman & Nicobar,86G04NW,2021,10,2.28,1.33,1.58,2.71,13.75,0.358
13.0625,92.6875,Andaman & Nicobar,86C12SE,2021,10,0.2,0.19,9.83,22.18,2.25,2.192
13.0625,92.8125,Andaman & Nicobar,86C16SW,2021,10,0.0,0.0,1.03,2.1,5.12,2.039
13.0625,92.9375,Andaman & Nicobar,86C16SE,2021,10,0.61,0.71,0.84,0.6,17.43,-0.076
13.0625,93.0625,Andaman & Nicobar,86G04SW,2021,10,0.98,1.1,0.82,0.71,13.21,-0.217
12.9375,92.6875,Andaman & Nicobar,86D09NE,2021,10,0.0,0.0,5.4,8.65,10.67,1.602
12.9375,92.8125,Andaman & Nicobar,86D13NW,2021,10,0.0,0.0,1.46,1.87,12.77,1.281
12.9375,92.9375,Andaman & Nicobar,86D13NE,2021,10,0.88,0.73,3.77,3.04,63.48,0.497
12.9375,93.0625,Andaman & Nicobar,86H01NW,2021,10,0.0,0.0,0.0,0.0,2.23,0.0
12.8125,92.6875,Andaman & Nicobar,86D09SE,2021,10,0.0,0.0,6.3,7.55,37.12,1.198
12.8125,92.8125,Andaman & Nicobar,86D13SW,2021,10,0.0,0.0,0.0,0.0,0.36,0.0
12.8125,92.9375,Andaman & Nicobar,86D13SE,2021,10,0.5,0.6,0.67,0.57,20.12,-0.026
12.6875,92.6875,Andaman & Nicobar,86D10NE,2021,10,0.24,0.41,5.43,5.53,21.64,0.903
12.6875,92.8125,Andaman & Nicobar,86D14NW,2021,10,0.0,0.0,0.0,0.0,0.96,0.0
12.6875,92.9375,Andaman & Nicobar,86D14NE,2021,10,0.29,0.27,3.24,6.48,16.52,1.759
12.5625,92.6875,Andaman & Nicobar,86D10SE,2021,10,0.8,1.77,7.24,12.33,15.24,1.313
12.5625,92.9375,Andaman & Nicobar,86D14SE,2021,10,1.21,1.75,1.9,4.18,13.11,0.781
12.4375,92.6875,Andaman & Nicobar,86D11NE,2021,10,1.04,1.34,0.67,0.83,14.83,-0.298
12.4375,92.9375,Andaman & Nicobar,86D15NE,2021,10,3.38,2.55,0.0,0.04,25.64,-0.754
12.3125,92.6875,Andaman & Nicobar,86D11SE,2021,10,2.27,1.46,0.0,0.03,27.75,-0.643
12.3125,92.9375,Andaman & Nicobar,86D15SE,2021,10,1.21,1.21,0.65,0.86,24.96,-0.188
12.3125,93.0625,Andaman & Nicobar,86H03SW,2021,10,0.0,0.0,0.0,0.0,4.12,0.0
12.3125,93.9375,Andaman & Nicobar,86H15SE,2021,10,0.0,0.0,0.0,0.0,1.85,0.0
12.3125,93.8125,Andaman & Nicobar,86H15SW,2021,10,0.0,0.0,0.44,1.65,10.83,3.75
12.1875,92.6875,Andaman & Nicobar,86D12NE,2021,10,0.89,0.55,0.36,0.3,26.87,-0.2
12.1875,92.8125,Andaman & Nicobar,86D16NW,2021,10,4.06,5.28,2.1,3.27,8.42,-0.326
12.1875,92.9375,Andaman & Nicobar,86D16NE,2021,10,1.78,1.54,0.0,0.01,20.71,-0.865
12.1875,93.0625,Andaman & Nicobar,86H04NW,2021,10,0.31,0.63,0.0,0.0,41.29,-2.032
12.0625,92.5625,Andaman & Nicobar,86D12SW,2021,10,0.49,0.34,0.34,0.43,11.34,0.108
12.0625,92.6875,Andaman & Nicobar,86D12SE,2021,10,0.38,0.29,0.43,0.27,5.01,-0.025
12.0625,92.8125,Andaman & Nicobar,86D16SW,2021,10,8.31,10.05,0.18,0.24,4.88,-1.155
12.0625,92.9375,Andaman & Nicobar,86D16SE,2021,10,0.0,0.0,0.52,0.73,28.55,1.404
12.0625,93.0625,Andaman & Nicobar,86H04SW,2021,10,0.51,0.41,0.0,0.0,23.85,-0.804
11.9375,92.5625,Andaman & Nicobar,87A09NW,2021,10,0.0,0.0,0.87,1.21,41.01,1.391
11.9375,92.6875,Andaman & Nicobar,87A09NE,2021,10,0.61,0.58,0.0,0.0,5.3,-0.951
11.9375,92.8125,Andaman & Nicobar,87A13NW,2021,10,7.33,8.63,0.2,0.17,11.77,-1.124
11.9375,92.9375,Andaman & Nicobar,87A13NE,2021,10,0.0,0.0,0.0,0.29,14.68,0.0
11.9375,93.0625,Andaman & Nicobar,87E01NW,2021,10,3.47,3.23,0.0,0.0,20.95,-0.931
11.8125,92.5625,Andaman & Nicobar,87A09SW,2021,10,0.23,0.21,1.33,0.95,16.14,0.474
11.8125,92.8125,Andaman & Nicobar,87A13SW,2021,10,6.38,8.69,0.0,0.0,10.69,-1.362
11.8125,93.0625,Andaman & Nicobar,87E01SW,2021,10,0.68,0.85,0.25,0.42,21.69,-0.462
11.6875,92.5625,Andaman & Nicobar,87A10NW,2021,10,2.03,3.94,0.72,2.96,24.52,-0.356
11.6875,92.6875,Andaman & Nicobar,87A10NE,2021,10,3.87,3.79,0.0,0.0,36.54,-0.979
11.6875,92.8125,Andaman & Nicobar,87A14NW,2021,10,2.2,1.79,0.11,0.15,14.27,-0.71
11.5625,92.1875,Andaman & Nicobar,87A02SE,2021,10,0.0,0.0,1.51,3.3,15.92,2.185
11.5625,92.3125,Andaman & Nicobar,87A06SW,2021,10,0.0,0.0,0.55,1.1,12.68,2.0
11.5625,92.5625,Andaman & Nicobar,87A10SW,2021,10,12.08,12.85,2.87,2.37,37.9,-0.701
11.5625,92.6875,Andaman & Nicobar,87A10SE,2021,10,9.74,9.25,0.19,0.2,18.32,-0.911
11.5625,92.8125,Andaman & Nicobar,87A14SW,2021,10,0.37,0.43,0.0,0.0,2.21,-1.162
11.4375,92.5625,Andaman & Nicobar,87A11NW,2021,10,5.84,6.57,1.28,1.31,14.8,-0.739
11.4375,92.6875,Andaman & Nicobar,87A11NE,2021,10,7.93,6.42,0.18,0.13,27.36,-0.776
11.3125,92.5625,Andaman & Nicobar,87A11SW,2021,10,0.4,0.28,0.27,0.1,7.35,-0.269
11.3125,92.6875,Andaman & Nicobar,87A11SE,2021,10,6.9,8.51,0.0,0.0,25.64,-1.233
11.1875,92.6875,Andaman & Nicobar,87A12NE,2021,10,0.28,0.24,0.0,0.0,1.51,-0.857
10.9375,92.4375,Andaman & Nicobar,87B05NE,2021,10,0.0,0.0,1.62,3.03,1.43,1.87
10.9375,92.5625,Andaman & Nicobar,87B09NW,2021,10,0.0,0.0,4.53,13.66,2.14,3.015
10.8125,92.4375,Andaman & Nicobar,87B05SE,2021,10,0.0,0.0,19.79,88.08,6.22,4.451
10.8125,92.5625,Andaman & Nicobar,87B09SW,2021,10,1.01,1.14,6.0,12.7,10.24,1.649
10.6875,92.4375,Andaman & Nicobar,87B06NE,2021,10,0.0,0.0,6.5,51.25,10.8,7.885
10.6875,92.5625,Andaman & Nicobar,87B10NW,2021,10,0.0,0.0,1.54,2.92,17.52,1.896
10.5625,92.4375,Andaman & Nicobar,87B06SE,2021,10,1.19,1.65,16.02,45.23,10.05,2.532
10.5625,92.5625,Andaman & Nicobar,87B10SW,2021,10,0.89,1.38,4.14,20.49,14.03,3.799
9.3125,92.8125,Andaman & Nicobar,87C15SW,2021,10,1.06,2.28,0.0,0.0,0.83,-2.151
9.1875,92.6875,Andaman & Nicobar,87C12NE,2021,10,1.28,2.64,0.24,0.55,13.84,-1.375
9.1875,92.8125,Andaman & Nicobar,87C16NW,2021,10,7.36,18.86,4.7,27.2,16.11,0.692
9.0625,92.6875,Andaman & Nicobar,87C12SE,2021,10,0.0,0.0,0.0,0.0,1.34,0.0
9.0625,92.8125,Andaman & Nicobar,87C16SW,2021,10,0.0,0.0,1.49,3.48,3.07,2.336
8.5625,93.6875,Andaman & Nicobar,87H10SE,2021,10,0.0,0.0,0.0,0.0,7.15,0.0
8.5625,93.5625,Andaman & Nicobar,87H10SW,2021,10,0.0,0.0,0.0,0.01,18.17,0.0
8.4375,93.6875,Andaman & Nicobar,87H11NE,2021,10,0.0,0.0,0.0,0.0,18.1,0.0
8.4375,93.5625,Andaman & Nicobar,87H11NW,2021,10,0.44,0.31,0.48,0.52,12.37,0.228
8.4375,93.0625,Andaman & Nicobar,87H03NW,2021,10,0.79,0.91,1.22,1.69,7.72,0.388
8.3125,93.1875,Andaman & Nicobar,87H03SE,2021,10,0.7,1.48,3.77,9.97,14.84,1.899
8.3125,93.0625,Andaman & Nicobar,87H03SW,2021,10,0.0,0.02,4.43,7.12,11.63,1.607
8.1875,93.5625,Andaman & Nicobar,87H12NW,2021,10,1.61,5.05,6.78,51.05,21.8,5.483
8.1875,93.4375,Andaman & Nicobar,87H08NE,2021,10,3.16,6.94,8.49,43.5,5.27,3.138
8.1875,93.3125,Andaman & Nicobar,87H08NW,2021,10,0.0,0.0,0.0,0.0,0.3,0.0
8.1875,93.1875,Andaman & Nicobar,87H04NE,2021,10,0.0,0.03,6.87,11.82,21.26,1.721
8.1875,93.0625,Andaman & Nicobar,87H04NW,2021,10,0.0,0.0,2.8,5.05,1.82,1.804
8.0625,93.5625,Andaman & Nicobar,87H12SW,2021,10,5.68,10.9,9.4,52.64,36.36,2.768
8.0625,93.4375,Andaman & Nicobar,87H08SE,2021,10,2.87,5.06,0.23,1.56,22.27,-1.129
8.0625,93.3125,Andaman & Nicobar,87H08SW,2021,10,0.0,0.0,0.16,0.45,7.81,2.812
7.9375,93.5625,Andaman & Nicobar,88E09NW,2021,10,0.45,1.55,1.34,2.86,23.83,0.732
7.9375,93.4375,Andaman & Nicobar,88E05NE,2021,10,7.0,18.23,5.43,22.78,20.59,0.366
7.9375,93.3125,Andaman & Nicobar,88E05NW,2021,10,0.0,0.0,1.86,5.15,17.91,2.769
7.8125,93.4375,Andaman & Nicobar,88E05SE,2021,10,0.27,0.38,0.0,0.0,1.23,-1.407
7.4375,93.8125,Andaman & Nicobar,88E15NW,2021,10,1.13,1.96,0.13,0.18,3.58,-1.413
7.4375,93.6875,Andaman & Nicobar,88E11NE,2021,10,5.03,15.37,3.14,13.94,21.36,-0.175
7.3125,93.8125,Andaman & Nicobar,88E15SW,2021,10,0.85,2.31,0.0,0.0,2.08,-2.718
7.3125,93.6875,Andaman & Nicobar,88E11SE,2021,10,14.56,35.48,3.49,17.29,22.44,-1.008
7.3125,93.5625,Andaman & Nicobar,88E11SW,2021,10,0.0,0.0,0.0,0.0,0.85,0.0
7.1875,93.9375,Andaman & Nicobar,88E16NE,2021,10,2.2,4.82,0.29,0.87,10.01,-1.586
7.1875,93.8125,Andaman & Nicobar,88E16NW,2021,10,5.61,11.99,0.61,1.29,19.01,-1.72
7.1875,93.6875,Andaman & Nicobar,88E12NE,2021,10,6.2,21.01,6.01,46.35,18.67,2.075
7.0625,93.9375,Andaman & Nicobar,88E16SE,2021,10,10.72,29.96,1.72,7.65,10.68,-1.793
7.0625,93.6875,Andaman & Nicobar,88E12SE,2021,10,4.69,19.62,10.44,101.12,8.95,5.387
6.9375,93.9375,Andaman & Nicobar,88F13NE,2021,10,13.62,37.86,2.8,7.93,8.29,-1.823
6.9375,93.8125,Andaman & Nicobar,88F13NW,2021,10,4.97,19.33,6.39,35.77,3.77,1.447
6.9375,93.6875,Andaman & Nicobar,88F09NE,2021,10,2.47,20.01,4.58,39.29,2.81,2.735
6.8125,93.9375,Andaman & Nicobar,88F13SE,2021,10,7.9,25.13,1.61,6.68,5.7,-1.94
6.8125,93.8125,Andaman & Nicobar,88F13SW,2021,10,10.6,42.57,11.13,99.91,11.02,2.639
21.5625,87.4375,Odisha,73O06SE,2021,10,3.06,20.49,4.21,17.98,0.94,-0.345
21.5625,87.3125,Odisha,73O06SW,2021,10,2.48,21.09,9.83,75.71,0.0,4.437
21.5625,87.1875,Odisha,73O02SE,2021,10,2.58,8.15,10.46,47.89,2.23,3.048
21.5625,87.0625,Odisha,73O02SW,2021,10,0.31,2.28,2.36,42.64,0.0,15.116
21.4375,87.0625,Odisha,73O03NW,2021,10,3.63,15.15,4.7,12.1,5.22,-0.366
21.4375,86.9375,Odisha,73K15NE,2021,10,1.77,2.5,0.94,1.99,5.13,-0.188
21.3125,86.9375,Odisha,73K15SE,2021,10,3.55,4.56,2.55,4.08,6.45,-0.079
21.3125,86.8125,Odisha,73K15SW,2021,10,0.0,0.0,0.0,0.0,4.17,0.0
21.1875,86.8125,Odisha,73K16NW,2021,10,0.0,0.0,0.0,0.0,11.27,0.0
21.0625,86.8125,Odisha,73K16SW,2021,10,0.0,0.0,0.0,0.0,14.76,0.0
20.9375,86.9375,Odisha,73L13NE,2021,10,0.0,0.0,0.0,0.0,15.84,0.0
20.9375,86.8125,Odisha,73L13NW,2021,10,0.0,0.0,0.0,0.0,0.16,0.0
20.8125,86.9375,Odisha,73L13SE,2021,10,0.0,0.0,0.0,0.0,12.78,0.0
20.6875,87.0625,Odisha,73P02NW,2021,10,5.69,20.27,5.35,36.48,0.0,1.468
20.6875,86.9375,Odisha,73L14NE,2021,10,10.48,69.1,0.0,0.0,4.65,-6.594
20.5625,86.9375,Odisha,73L14SE,2021,10,5.0,38.97,0.0,0.0,0.0,-7.794
20.5625,86.8125,Odisha,73L14SW,2021,10,12.77,134.19,2.13,12.48,0.47,-8.168
20.4375,86.8125,Odisha,73L15NW,2021,10,0.49,0.76,7.89,110.24,1.32,13.064
20.4375,86.6875,Odisha,73L11NE,2021,10,0.82,1.64,0.0,0.0,1.22,-2.0
20.3125,86.8125,Odisha,73L15SW,2021,10,8.78,74.25,0.16,0.13,0.0,-8.291
20.3125,86.6875,Odisha,73L11SE,2021,10,3.21,10.78,2.41,20.19,5.22,1.674
20.1875,86.6875,Odisha,73L12NE,2021,10,0.0,0.0,1.8,11.39,0.0,6.328
20.1875,86.5625,Odisha,73L12NW,2021,10,10.44,75.29,8.53,78.2,2.26,0.153
20.1875,86.4375,Odisha,73L08NE,2021,10,0.4,0.95,0.0,0.0,0.8,-2.375
20.0625,86.4375,Odisha,73L08SE,2021,10,9.73,38.87,4.74,50.54,0.0,0.806
19.9375,86.4375,Odisha,74I05NE,2021,10,1.85,5.42,0.28,0.83,1.66,-2.155
19.9375,86.3125,Odisha,74I05NW,2021,10,3.91,29.97,4.16,17.67,5.98,-1.524
19.9375,86.1875,Odisha,74I01NE,2021,10,7.38,8.72,2.09,9.09,2.63,0.039
19.8125,85.6875,Odisha,74E09SE,2021,10,0.0,0.0,1.27,1.87,5.06,1.472
19.8125,85.8125,Odisha,74E13SW,2021,10,1.97,2.19,0.74,0.97,11.18,-0.45
19.8125,86.1875,Odisha,74I01SE,2021,10,2.03,1.34,0.0,0.0,0.23,-0.66
19.8125,85.9375,Odisha,74E13SE,2021,10,4.09,4.08,1.04,2.13,9.06,-0.38
19.8125,86.0625,Odisha,74I01SW,2021,10,4.62,6.47,0.62,1.15,6.8,-1.015
19.6875,85.4375,Odisha,74E06NE,2021,10,0.0,0.0,2.13,10.54,6.77,4.948
19.6875,85.5625,Odisha,74E10NW,2021,10,8.02,145.48,4.74,79.92,4.14,-5.138
19.6875,85.6875,Odisha,74E10NE,2021,10,0.0,0.0,3.52,33.66,4.38,9.562
19.5625,85.1875,Odisha,74E02SE,2021,10,0.0,0.0,0.0,0.0,4.15,0.0
19.5625,85.3125,Odisha,74E06SW,2021,10,0.0,0.0,0.0,0.0,15.8,0.0
19.5625,85.4375,Odisha,74E06SE,2021,10,0.0,0.0,0.0,0.0,5.68,0.0
19.4375,85.0625,Odisha,74E03NW,2021,10,5.6,20.16,2.32,14.28,0.0,-0.742
19.4375,85.1875,Odisha,74E03NE,2021,10,5.97,7.59,0.0,0.0,6.39,-1.271
19.3125,84.9375,Odisha,74A15SE,2021,10,4.68,32.47,5.21,49.04,2.14,1.675
19.3125,85.0625,Odisha,74E03SW,2021,10,6.51,21.5,0.0,0.0,1.52,-3.303
19.1875,84.8125,Odisha,74A16NW,2021,10,1.78,4.56,2.12,8.16,10.57,0.923
19.1875,84.9375,Odisha,74A16NE,2021,10,0.0,0.0,0.0,0.0,3.64,0.0
19.0625,84.8125,Odisha,74A16SW,2021,10,0.0,2.11,0.47,2.15,5.52,4.574
21.9375,88.1875,West Bengal,79C01NE,2021,10,0.0,0.0,0.0,0.0,0.17,0.0
21.8125,87.8125,West Bengal,73O13SW,2021,10,0.0,15.84,0.0,0.0,1.34,0.0
21.8125,87.9375,West Bengal,73O13SE,2021,10,4.1,15.01,4.57,17.61,7.66,0.3
21.8125,88.0625,West Bengal,79C01SW,2021,10,1.11,1.33,0.0,0.0,13.31,-1.198
21.8125,88.1875,West Bengal,79C01SE,2021,10,0.0,0.0,0.0,0.0,1.23,0.0
21.8125,88.4375,West Bengal,79C05SE,2021,10,0.42,1.37,0.0,0.0,4.2,-3.262
21.6875,87.5625,West Bengal,73O10NW,2021,10,9.05,62.77,1.4,7.79,0.39,-5.261
21.6875,87.6875,West Bengal,73O10NE,2021,10,8.06,21.79,5.96,14.62,1.25,-0.511
21.6875,87.8125,West Bengal,73O14NW,2021,10,2.59,3.94,8.27,35.31,4.86,2.889
21.6875,88.0625,West Bengal,79C02NW,2021,10,10.04,129.26,5.37,24.48,8.23,-6.799
21.6875,88.1875,West Bengal,79C02NE,2021,10,9.42,81.97,0.0,0.0,0.55,-8.702
21.6875,88.3125,West Bengal,79C06NW,2021,10,0.0,0.0,0.0,0.0,4.37,0.0
21.6875,88.4375,West Bengal,79C06NE,2021,10,2.95,19.37,0.77,2.58,7.14,-4.513
21.5625,87.4375,West Bengal,73O06SE,2021,10,1.93,8.84,0.0,0.0,0.21,-4.58
21.5625,87.5625,West Bengal,73O10SW,2021,10,0.02,0.0,0.0,0.0,3.32,-0.0
21.5625,88.1875,West Bengal,79C02SE,2021,10,3.0,7.98,0.84,3.45,3.19,-1.18
21.5625,88.3125,West Bengal,79C06SW,2021,10,3.43,19.0,3.8,18.82,3.5,-0.025
21.5625,88.4375,West Bengal,79C06SE,2021,10,0.18,5.2,2.92,16.52,2.32,3.652
12.1875,79.9375,Tamil Nadu & Puducherry,57P16NE,2021,10,1.13,1.1,0.87,0.97,13.53,-0.065
12.0625,79.9375,Tamil Nadu & Puducherry,57P16SE,2021,10,0.0,0.0,0.0,0.0,10.5,0.0
12.0625,79.8125,Tamil Nadu & Puducherry,57P16SW,2021,10,0.0,0.0,1.41,1.84,3.94,1.305
8.3125,77.1875,Tamil Nadu & Puducherry,58H03SE,2021,10,4.21,8.66,0.0,0.0,0.0,-2.057
8.3125,77.0625,Tamil Nadu & Puducherry,58H03SW,2021,10,0.76,0.98,0.0,0.0,3.51,-1.289
8.1875,77.1875,Tamil Nadu & Puducherry,58H04NE,2021,10,4.58,4.9,1.66,4.06,7.07,-0.135
8.1875,77.3125,Tamil Nadu & Puducherry,58H08NW,2021,10,3.34,4.22,0.44,3.45,5.51,-0.204
8.0625,77.4375,Tamil Nadu & Puducherry,58H08SE,2021,10,0.0,0.0,2.68,5.72,11.5,2.134
8.0625,77.3125,Tamil Nadu & Puducherry,58H08SW,2021,10,2.12,2.91,1.36,1.35,2.52,-0.448
8.1875,77.6875,Tamil Nadu & Puducherry,58H12NE,2021,10,0.73,0.97,1.72,2.29,12.31,0.539
8.1875,77.5625,Tamil Nadu & Puducherry,58H12NW,2021,10,0.12,0.17,0.97,1.73,6.44,1.431
8.0625,77.5625,Tamil Nadu & Puducherry,58H12SW,2021,10,2.22,4.38,0.73,1.81,8.69,-0.871
8.3125,77.9375,Tamil Nadu & Puducherry,58H15SE,2021,10,3.29,6.04,8.12,38.57,6.0,2.851
8.3125,77.8125,Tamil Nadu & Puducherry,58H15SW,2021,10,0.65,1.91,2.04,1.62,2.47,-0.108
8.1875,77.8125,Tamil Nadu & Puducherry,58H16NW,2021,10,0.75,1.17,1.82,2.77,10.36,0.623
9.1875,78.4375,Tamil Nadu & Puducherry,58K08NE,2021,10,1.38,1.47,0.92,0.78,2.24,-0.3
9.0625,78.4375,Tamil Nadu & Puducherry,58K08SE,2021,10,1.65,2.42,1.49,1.33,6.88,-0.347
9.0625,78.3125,Tamil Nadu & Puducherry,58K08SW,2021,10,6.65,12.12,0.78,3.17,5.88,-1.205
9.1875,78.6875,Tamil Nadu & Puducherry,58K12NE,2021,10,3.37,6.17,6.79,15.39,10.36,0.907
9.1875,78.5625,Tamil Nadu & Puducherry,58K12NW,2021,10,0.28,0.38,7.51,13.99,6.82,1.747
9.6875,78.9375,Tamil Nadu & Puducherry,58K14NE,2021,10,0.29,0.43,0.18,0.14,7.37,-0.617
9.5625,78.9375,Tamil Nadu & Puducherry,58K14SE,2021,10,0.0,0.0,0.13,0.13,6.02,1.0
9.4375,78.9375,Tamil Nadu & Puducherry,58K15NE,2021,10,0.0,0.0,1.91,1.5,13.35,0.785
9.3125,78.9375,Tamil Nadu & Puducherry,58K15SE,2021,10,2.0,1.77,2.81,3.77,14.62,0.416
9.3125,78.8125,Tamil Nadu & Puducherry,58K15SW,2021,10,1.79,1.37,0.62,0.78,0.0,-0.245
9.1875,78.9375,Tamil Nadu & Puducherry,58K16NE,2021,10,0.18,0.17,0.0,0.0,0.0,-0.944
9.1875,78.8125,Tamil Nadu & Puducherry,58K16NW,2021,10,0.9,0.93,0.46,0.3,11.38,-0.463
8.9375,78.1875,Tamil Nadu & Puducherry,58L01NE,2021,10,0.84,0.74,2.19,3.71,10.05,0.98
8.8125,78.1875,Tamil Nadu & Puducherry,58L01SE,2021,10,1.87,3.17,3.11,8.42,7.51,1.054
8.6875,78.1875,Tamil Nadu & Puducherry,58L02NE,2021,10,6.18,16.88,8.3,38.52,3.61,1.494
8.5625,78.1875,Tamil Nadu & Puducherry,58L02SE,2021,10,0.71,3.17,6.35,11.84,4.54,1.228
8.5625,78.0625,Tamil Nadu & Puducherry,58L02SW,2021,10,0.0,0.0,2.98,11.44,0.0,3.839
8.4375,78.1875,Tamil Nadu & Puducherry,58L03NE,2021,10,0.0,0.0,0.0,0.0,1.6,0.0
8.4375,78.0625,Tamil Nadu & Puducherry,58L03NW,2021,10,1.5,2.3,4.8,10.27,8.93,1.265
8.3125,78.0625,Tamil Nadu & Puducherry,58L03SW,2021,10,0.36,0.3,6.17,10.94,2.37,1.629
8.9375,78.3125,Tamil Nadu & Puducherry,58L05NW,2021,10,1.54,3.05,0.0,0.0,0.0,-1.981
11.9375,79.8125,Tamil Nadu & Puducherry,58M13NW,2021,10,3.04,5.68,3.89,11.73,7.45,0.873
11.8125,79.8125,Tamil Nadu & Puducherry,58M13SW,2021,10,2.58,3.51,2.67,4.47,9.18,0.183
11.6875,79.8125,Tamil Nadu & Puducherry,58M14NW,2021,10,7.19,15.09,3.88,7.39,3.15,-0.696
11.5625,79.8125,Tamil Nadu & Puducherry,58M14SW,2021,10,2.56,5.7,9.38,20.75,1.98,1.26
11.4375,79.8125,Tamil Nadu & Puducherry,58M15NW,2021,10,9.07,52.73,3.58,6.89,2.03,-3.624
11.3125,79.8125,Tamil Nadu & Puducherry,58M15SW,2021,10,2.09,14.61,0.93,4.21,9.24,-3.444
11.1875,79.8125,Tamil Nadu & Puducherry,58M16NW,2021,10,7.08,21.99,0.58,1.28,4.81,-2.704
11.0625,79.8125,Tamil Nadu & Puducherry,58M16SW,2021,10,6.8,23.13,0.62,0.62,3.74,-3.034
10.0625,79.1875,Tamil Nadu & Puducherry,58N04SE,2021,10,0.0,0.0,1.73,1.19,5.73,0.688
10.3125,79.3125,Tamil Nadu & Puducherry,58N07SW,2021,10,0.14,0.28,1.48,1.65,7.65,0.846
10.1875,79.3125,Tamil Nadu & Puducherry,58N08NW,2021,10,0.47,0.65,0.0,0.0,4.39,-1.383
10.0625,79.3125,Tamil Nadu & Puducherry,58N08SW,2021,10,0.0,0.0,0.89,1.41,3.35,1.584
10.3125,79.6875,Tamil Nadu & Puducherry,58N11SE,2021,10,1.47,4.42,0.15,0.3,0.37,-2.543
10.9375,79.8125,Tamil Nadu & Puducherry,58N13NW,2021,10,0.0,0.0,5.02,8.92,7.68,1.777
10.8125,79.8125,Tamil Nadu & Puducherry,58N13SW,2021,10,0.96,1.54,2.57,7.12,5.41,1.581
10.6875,79.8125,Tamil Nadu & Puducherry,58N14NW,2021,10,0.86,1.39,3.76,13.18,9.27,2.552
10.5625,79.8125,Tamil Nadu & Puducherry,58N14SW,2021,10,0.0,0.0,12.58,31.69,0.15,2.519
10.4375,79.8125,Tamil Nadu & Puducherry,58N15NW,2021,10,0.54,1.44,6.32,7.84,4.99,0.933
10.3125,79.9375,Tamil Nadu & Puducherry,58N15SE,2021,10,0.23,0.58,1.58,2.81,0.78,1.232
10.3125,79.8125,Tamil Nadu & Puducherry,58N15SW,2021,10,3.48,9.44,1.39,5.23,6.15,-0.864
9.9375,79.1875,Tamil Nadu & Puducherry,58O01NE,2021,10,0.0,0.0,1.59,1.38,14.69,0.868
9.9375,79.0625,Tamil Nadu & Puducherry,58O01NW,2021,10,0.0,0.0,0.0,0.0,0.61,0.0
9.8125,79.0625,Tamil Nadu & Puducherry,58O01SW,2021,10,0.2,0.21,1.2,1.41,11.34,0.857
9.6875,79.0625,Tamil Nadu & Puducherry,58O02NW,2021,10,0.25,0.33,0.0,0.0,3.95,-1.32
9.3125,79.1875,Tamil Nadu & Puducherry,58O03SE,2021,10,3.02,4.99,3.88,12.84,19.8,1.138
9.3125,79.0625,Tamil Nadu & Puducherry,58O03SW,2021,10,4.98,11.93,4.01,8.6,20.85,-0.37
9.3125,79.3125,Tamil Nadu & Puducherry,58O07SW,2021,10,0.32,0.81,1.87,4.86,18.1,1.849
9.1875,79.4375,Tamil Nadu & Puducherry,58O08NE,2021,10,0.0,0.0,1.95,11.47,7.69,5.882
9.1875,79.3125,Tamil Nadu & Puducherry,58O08NW,2021,10,0.0,0.0,0.0,0.0,10.65,0.0
13.5625,80.3125,Tamil Nadu & Puducherry,66C06SW,2021,10,3.24,8.39,0.8,0.37,3.29,-1.985
13.4375,80.3125,Tamil Nadu & Puducherry,66C07NW,2021,10,3.27,26.61,7.77,21.12,3.69,-0.497
13.3125,80.3125,Tamil Nadu & Puducherry,66C07SW,2021,10,4.23,40.7,2.67,23.74,2.84,-2.458
13.1875,80.3125,Tamil Nadu & Puducherry,66C08NW,2021,10,0.43,2.53,2.55,8.36,10.9,1.956
13.0625,80.3125,Tamil Nadu & Puducherry,66C08SW,2021,10,0.0,0.0,2.82,11.9,9.88,4.22
12.8125,80.1875,Tamil Nadu & Puducherry,66D01SE,2021,10,2.03,1.71,0.52,0.99,7.1,-0.282
12.6875,80.1875,Tamil Nadu & Puducherry,66D02NE,2021,10,0.0,0.0,2.6,3.51,12.04,1.35
12.5625,80.1875,Tamil Nadu & Puducherry,66D02SE,2021,10,0.41,0.48,5.95,10.45,8.78,1.568
12.4375,80.1875,Tamil Nadu & Puducherry,66D03NE,2021,10,0.0,0.0,0.0,0.0,6.0,0.0
12.4375,80.0625,Tamil Nadu & Puducherry,66D03NW,2021,10,0.0,0.0,0.0,0.0,6.25,0.0
12.3125,80.0625,Tamil Nadu & Puducherry,66D03SW,2021,10,0.0,0.0,2.49,5.73,11.85,2.301
12.1875,80.0625,Tamil Nadu & Puducherry,66D04NW,2021,10,0.55,0.41,0.0,0.0,0.52,-0.745
12.9375,80.3125,Tamil Nadu & Puducherry,66D05NW,2021,10,0.69,1.13,1.46,2.54,11.99,0.656
12.8125,80.3125,Tamil Nadu & Puducherry,66D05SW,2021,10,1.31,1.69,0.15,0.13,3.38,-1.068
16.3125,81.1875,Andhra Pradesh,65H03SE,2021,10,0.0,0.0,1.1,9.49,0.0,8.627
16.1875,81.1875,Andhra Pradesh,65H04NE,2021,10,3.01,29.97,11.12,49.64,0.0,1.392
16.0625,81.1875,Andhra Pradesh,65H04SE,2021,10,0.92,7.8,0.86,1.56,0.0,-3.506
16.3125,81.4375,Andhra Pradesh,65H07SE,2021,10,2.64,19.35,12.06,69.39,0.78,3.404
16.3125,81.3125,Andhra Pradesh,65H07SW,2021,10,0.0,0.0,6.9,28.1,10.06,4.072
16.3125,81.6875,Andhra Pradesh,65H11SE,2021,10,9.4,84.77,0.0,0.0,1.05,-9.018
16.3125,81.5625,Andhra Pradesh,65H11SW,2021,10,1.14,1.32,4.87,25.96,5.32,4.1
16.4375,81.9375,Andhra Pradesh,65H15NE,2021,10,6.79,68.15,4.69,16.37,2.32,-4.51
16.4375,81.8125,Andhra Pradesh,65H15NW,2021,10,0.0,0.0,1.98,8.62,0.0,4.354
16.3125,81.8125,Andhra Pradesh,65H15SW,2021,10,4.27,22.03,8.62,32.29,0.0,0.796
17.1875,82.4375,Andhra Pradesh,65K08NE,2021,10,16.12,28.88,0.0,0.0,0.0,-1.792
17.0625,82.4375,Andhra Pradesh,65K08SE,2021,10,1.93,6.89,0.0,0.0,0.0,-3.57
17.0625,82.3125,Andhra Pradesh,65K08SW,2021,10,4.55,15.6,3.14,17.23,2.21,0.212
17.3125,82.6875,Andhra Pradesh,65K11SE,2021,10,0.0,0.0,0.0,0.0,15.04,0.0
17.3125,82.5625,Andhra Pradesh,65K11SW,2021,10,3.64,8.67,0.47,0.56,6.02,-1.973
17.1875,82.5625,Andhra Pradesh,65K12NW,2021,10,0.03,0.0,0.0,0.0,5.76,0.0
17.4375,82.9375,Andhra Pradesh,65K15NE,2021,10,1.83,5.0,0.0,0.0,14.05,-2.732
17.4375,82.8125,Andhra Pradesh,65K15NW,2021,10,0.32,0.49,0.36,1.07,12.11,0.853
17.3125,82.8125,Andhra Pradesh,65K15SW,2021,10,0.0,0.0,0.0,0.0,2.43,0.0
16.5625,82.1875,Andhra Pradesh,65L02SE,2021,10,0.0,0.0,9.85,49.89,2.17,5.065
16.4375,82.1875,Andhra Pradesh,65L03NE,2021,10,0.19,1.67,0.0,0.0,2.23,-8.789
16.4375,82.0625,Andhra Pradesh,65L03NW,2021,10,3.8,21.02,0.0,0.0,10.93,-5.532
16.9375,82.3125,Andhra Pradesh,65L05NW,2021,10,7.17,39.24,13.93,97.09,0.0,2.742
16.8125,82.3125,Andhra Pradesh,65L05SW,2021,10,2.59,13.44,2.43,7.16,0.0,-1.251
16.6875,82.3125,Andhra Pradesh,65L06NW,2021,10,2.81,27.82,5.77,47.99,0.34,2.351
16.5625,82.3125,Andhra Pradesh,65L06SW,2021,10,1.19,20.81,1.0,1.99,0.0,-8.594
18.1875,83.6875,Andhra Pradesh,65N12NE,2021,10,0.0,0.0,0.0,0.0,0.89,0.0
18.0625,83.6875,Andhra Pradesh,65N12SE,2021,10,1.62,2.56,0.15,0.21,12.96,-1.328
18.0625,83.5625,Andhra Pradesh,65N12SW,2021,10,6.9,14.06,0.21,0.84,1.33,-1.859
18.1875,83.9375,Andhra Pradesh,65N16NE,2021,10,0.97,7.92,8.59,31.41,5.2,2.457
18.1875,83.8125,Andhra Pradesh,65N16NW,2021,10,2.17,5.6,0.34,0.05,12.81,-2.211
17.6875,83.1875,Andhra Pradesh,65O02NE,2021,10,0.0,0.0,0.57,1.25,0.48,2.193
17.5625,83.1875,Andhra Pradesh,65O02SE,2021,10,1.74,3.91,0.0,0.0,13.49,-2.247
17.5625,83.0625,Andhra Pradesh,65O02SW,2021,10,0.25,1.28,0.32,0.68,13.19,-1.053
17.4375,83.0625,Andhra Pradesh,65O03NW,2021,10,0.0,0.0,0.0,0.0,2.22,0.0
17.9375,83.4375,Andhra Pradesh,65O05NE,2021,10,7.36,24.68,0.79,0.0,0.51,-3.028
17.8125,83.4375,Andhra Pradesh,65O05SE,2021,10,11.25,38.73,0.19,0.0,4.92,-3.385
17.8125,83.3125,Andhra Pradesh,65O05SW,2021,10,3.19,7.2,0.0,0.0,0.37,-2.257
17.6875,83.3125,Andhra Pradesh,65O06NW,2021,10,3.92,11.09,0.0,0.0,11.29,-2.829
17.9375,83.5625,Andhra Pradesh,65O09NW,2021,10,10.1,17.52,0.0,0.0,0.91,-1.735
15.6875,80.1875,Andhra Pradesh,66A02NE,2021,10,0.0,0.0,0.67,0.93,0.0,1.388
15.5625,80.1875,Andhra Pradesh,66A02SE,2021,10,1.11,1.77,3.89,14.47,5.3,2.54
15.4375,80.1875,Andhra Pradesh,66A03NE,2021,10,1.28,4.87,2.52,8.13,12.89,0.858
15.3125,80.1875,Andhra Pradesh,66A03SE,2021,10,0.0,0.0,0.0,0.0,0.41,0.0
15.3125,80.0625,Andhra Pradesh,66A03SW,2021,10,0.81,2.97,0.0,0.0,9.95,-3.667
15.1875,80.0625,Andhra Pradesh,66A04NW,2021,10,3.95,20.03,0.74,1.43,6.36,-3.966
15.0625,80.0625,Andhra Pradesh,66A04SW,2021,10,0.77,0.75,0.0,0.0,12.36,-0.974
15.8125,80.4375,Andhra Pradesh,66A05SE,2021,10,0.0,0.0,1.27,1.99,13.07,1.567
15.8125,80.3125,Andhra Pradesh,66A05SW,2021,10,0.0,0.0,3.94,11.0,0.0,2.792
15.6875,80.3125,Andhra Pradesh,66A06NW,2021,10,0.35,1.91,5.73,13.21,6.94,1.859
15.9375,80.6875,Andhra Pradesh,66A09NE,2021,10,0.65,14.71,10.06,24.9,0.33,0.951
15.8125,80.6875,Andhra Pradesh,66A09SE,2021,10,0.0,0.0,2.43,8.3,0.13,3.416
15.8125,80.5625,Andhra Pradesh,66A09SW,2021,10,2.15,16.79,7.49,15.5,3.13,-0.134
15.8125,80.8125,Andhra Pradesh,66A13SW,2021,10,0.0,0.0,0.27,0.62,0.0,2.296
15.6875,80.9375,Andhra Pradesh,66A14NE,2021,10,0.19,0.14,0.0,0.0,2.88,-0.737
15.6875,80.8125,Andhra Pradesh,66A14NW,2021,10,0.39,3.13,0.0,0.0,0.34,-8.026
14.9375,80.0625,Andhra Pradesh,66B01NW,2021,10,0.0,0.0,0.43,1.24,13.99,2.884
14.8125,80.0625,Andhra Pradesh,66B01SW,2021,10,7.46,24.37,0.49,2.59,4.38,-2.74
14.6875,80.1875,Andhra Pradesh,66B02NE,2021,10,2.32,4.3,9.67,22.76,1.1,1.54
14.6875,80.0625,Andhra Pradesh,66B02NW,2021,10,1.05,5.79,1.86,7.02,0.0,0.423
14.5625,80.1875,Andhra Pradesh,66B02SE,2021,10,2.58,14.54,3.15,18.62,7.7,0.712
14.4375,80.1875,Andhra Pradesh,66B03NE,2021,10,0.0,0.0,1.32,1.22,12.36,0.924
14.3125,80.1875,Andhra Pradesh,66B03SE,2021,10,4.08,9.07,2.03,9.33,8.0,0.043
14.1875,80.1875,Andhra Pradesh,66B04NE,2021,10,0.63,2.18,7.91,28.09,5.57,3.034
14.0625,80.1875,Andhra Pradesh,66B04SE,2021,10,1.29,6.7,8.69,20.29,2.54,1.362
13.9375,80.1875,Andhra Pradesh,66C01NE,2021,10,0.0,0.0,6.99,9.37,8.17,1.34
13.8125,80.1875,Andhra Pradesh,66C01SE,2021,10,4.94,15.33,3.15,6.71,3.91,-1.066
13.6875,80.1875,Andhra Pradesh,66C02NE,2021,10,0.0,0.0,9.29,22.58,4.7,2.431
13.5625,80.1875,Andhra Pradesh,66C02SE,2021,10,0.0,0.0,2.25,2.06,0.78,0.916
13.8125,80.3125,Andhra Pradesh,66C05SW,2021,10,0.92,2.44,1.4,4.67,0.0,0.961
13.5625,80.3125,Andhra Pradesh,66C06SW,2021,10,1.15,0.76,2.82,2.91,0.67,0.542
19.0625,84.6875,Andhra Pradesh,74A12SE,2021,10,3.76,8.24,0.0,0.0,4.14,-2.191
19.0625,84.8125,Andhra Pradesh,74A16SW,2021,10,1.44,3.05,0.0,0.0,0.47,-2.118
18.4375,84.1875,Andhra Pradesh,74B03NE,2021,10,1.23,3.13,0.0,0.0,13.64,-2.545
18.3125,84.1875,Andhra Pradesh,74B03SE,2021,10,4.24,34.56,4.19,36.45,0.69,0.224
18.3125,84.0625,Andhra Pradesh,74B03SW,2021,10,0.5,3.58,0.0,0.0,13.54,-7.16
18.1875,84.0625,Andhra Pradesh,74B04NW,2021,10,0.32,1.3,0.23,0.66,0.99,-1.164
18.6875,84.4375,Andhra Pradesh,74B06NE,2021,10,3.12,9.89,0.22,0.76,13.4,-2.734
18.5625,84.4375,Andhra Pradesh,74B06SE,2021,10,0.0,0.0,0.0,0.0,3.63,0.0
18.5625,84.3125,Andhra Pradesh,74B06SW,2021,10,0.0,0.0,2.04,9.09,13.34,4.456
18.4375,84.3125,Andhra Pradesh,74B07NW,2021,10,0.0,0.0,0.0,0.0,4.83,0.0
18.9375,84.6875,Andhra Pradesh,74B09NE,2021,10,2.96,4.57,0.27,0.9,9.85,-1.136
18.9375,84.5625,Andhra Pradesh,74B09NW,2021,10,5.07,10.11,0.29,1.02,0.29,-1.696
18.8125,84.5625,Andhra Pradesh,74B09SW,2021,10,4.43,7.22,0.14,0.22,12.86,-1.532
18.6875,84.5625,Andhra Pradesh,74B10NW,2021,10,0.0,0.0,0.0,0.0,0.31,0.0
